0.5172413,0.578125,0

0.6206896,0.59375,0

0.24137926,0.3125,0

0.3793103,0.46875003,0

0.46551722,0.40625,0

0.25862068,0.23437499,0

0.20689654,0.28125,0

0.6551724,0.484375,0

0.32758617,0.23437499,0

0.3793103,0.15625001,0

0.2931034,0.25000003,0

0.77586204,0.609375,0

0.31034482,0.45312494,0

0.53448266,0.328125,0

0.6034482,0.671875,0

0.4310344,0.46875003,0

0.17241377,0.578125,0

0.86206883,0.78125,0

0.7586207,0.578125,0

0.53448266,0.45312494,0

1.0,0.6875,0

0.87931025,0.515625,0

0.15517241,0.18750003,0

0.7931034,0.796875,0

0.7931034,0.515625,0

0.34482753,0.23437499,0

0.2931034,0.34375003,0

0.6206896,0.54687494,0

0.6551724,0.59375,0

0.17241377,0.390625,0

0.25862068,0.171875,0

0.34482753,0.29687503,0

0.44827586,0.375,0

0.10344827,0.34375003,0

0.32758617,0.23437499,0

0.34482753,0.28125,0

0.55172414,0.40625,0

0.31034482,0.390625,0

0.6034482,0.45312494,0

0.6034482,0.515625,0

0.34482753,0.328125,0

0.39655167,0.46875003,0

0.67241377,0.59375,0

0.18965513,0.3125,0

0.3793103,0.43749997,0

0.13793105,0.34375003,0

0.20689654,0.328125,0

0.36206895,0.578125,0

0.7068965,0.71875,0

0.86206883,0.796875,0

0.36,0.58,0

0.47,0.52,0

0.47,0.39,0

0.42,0.35,0

0.65,0.65,0

0.45,0.41,0

0.3,0.32,0

0.45,0.51,0

0.59,0.67,0

0.35,0.52,0

0.64,0.62,0

0.67,0.62,0

0.54,0.55,0

0.4,0.38,0

0.53,0.51,0

0.5,0.64,0

0.6,0.5,0

0.35,0.58,0

0.39,0.58,0

0.29,0.32,0

0.39,0.47,0

0.64,0.6,0

0.43,0.57,0

0.59,0.48,0

0.26,0.36,0

0.58,0.5,0

0.41,0.39,0

0.36,0.68,0

0.42,0.43,0

0.49,0.47,0

0.4,0.42,0

0.54,0.49,0

0.57,0.51,0

0.42,0.42,0

0.39,0.42,0

0.31,0.44,0

0.66,0.45,0

0.38,0.68,0

0.31,0.31,0

0.38,0.37,0

0.24,0.34,0

0.54,0.38,0

0.48,0.64,0

0.32,0.57,0

0.59,0.5,0

0.75,0.7,0

0.44,0.42,0

0.63,0.56,0

0.58,0.58,0

0.72,0.61,0

0.5172413,0.5777777,0

0.6206896,0.62222224,0

0.24137926,0.5999999,0

0.3793103,0.5999999,0

0.46551722,1.0,0

0.25862068,0.73333335,0

0.20689654,0.79999995,0

0.6551724,0.53333324,0

0.32758617,0.6444444,0

0.3793103,0.75555557,0

0.2931034,0.6444444,0

0.77586204,0.4666666,0

0.31034482,0.68888885,0

0.53448266,0.711111,0

0.6034482,0.79999995,0

0.4310344,0.48888886,0

0.17241377,0.8888889,0

0.86206883,0.4666666,0

0.7586207,0.53333324,0

0.53448266,0.48888886,0

1.0,0.39999995,0

0.87931025,0.44444442,0

0.15517241,0.77777773,0

0.7931034,0.8222222,0

0.7931034,0.6666666,0

0.34482753,0.6666666,0

0.2931034,0.75555557,0

0.6206896,0.77777773,0

0.6551724,0.62222224,0

0.17241377,0.711111,0

0.25862068,0.68888885,0

0.34482753,0.6666666,0

0.44827586,0.5111111,0

0.10344827,0.79999995,0

0.32758617,0.84444433,0

0.34482753,0.68888885,0

0.55172414,0.5111111,0

0.31034482,0.8222222,0

0.6034482,0.73333335,0

0.6034482,0.84444433,0

0.34482753,0.75555557,0

0.39655167,0.8666667,0

0.67241377,0.4222222,0

0.18965513,0.3111111,0

0.3793103,0.84444433,0

0.13793105,0.91111106,0

0.20689654,0.77777773,0

0.36206895,0.62222224,0

0.7068965,0.68888885,0

0.86206883,0.4222222,0

0.36,0.35,0

0.47,0.5,0

0.47,0.55,0

0.42,0.54,0

0.65,0.52,0

0.45,0.5,0

0.3,0.57,0

0.45,0.5,0

0.59,0.56,0

0.35,0.48,0

0.64,0.29,0

0.67,0.54,0

0.54,0.34,0

0.4,0.53,0

0.53,0.55,0

0.5,0.57,0

0.6,0.57,0

0.35,0.54,0

0.39,0.5,0

0.29,0.58,0

0.39,0.56,0

0.64,0.57,0

0.43,0.53,0

0.59,0.5,0

0.26,0.47,0

0.58,0.5,0

0.41,0.44,0

0.36,0.46,0

0.42,0.56,0

0.49,0.53,0

0.4,0.71,0

0.54,0.49,0

0.57,0.53,0

0.42,0.42,0

0.39,0.38,0

0.31,0.53,0

0.66,0.5,0

0.38,0.44,0

0.31,0.56,0

0.38,0.56,0

0.24,0.69,0

0.54,0.52,0

0.48,0.61,0

0.32,0.5,0

0.59,0.52,0

0.75,0.38,0

0.44,0.6,0

0.63,0.45,0

0.58,0.58,0

0.72,0.37,0

0.5172413,0.06329113,0

0.6206896,0.0886076,0

0.24137926,0.5822785,0

0.3793103,0.72151893,0

0.46551722,0.3544304,0

0.25862068,0.16455695,0

0.20689654,0.3417721,0

0.6551724,0.1392405,0

0.32758617,0.037974685,0

0.3793103,0.16455695,0

0.2931034,0.10126582,0

0.77586204,0.27848104,0

0.31034482,0.0886076,0

0.53448266,0.1392405,0

0.6034482,0.20253164,0

0.4310344,0.02531646,0

0.17241377,0.05063291,0

0.86206883,0.22784808,0

0.7586207,0.27848104,0

0.53448266,0.4556962,0

1.0,0.20253164,0

0.87931025,0.25316456,0

0.15517241,0.12658228,0

0.7931034,0.49367085,0

0.7931034,0.25316456,0

0.34482753,0.16455695,0

0.2931034,0.443038,0

0.6206896,0.18987343,0

0.6551724,0.02531646,0

0.17241377,0.1392405,0

0.25862068,0.556962,0

0.34482753,0.30379745,0

0.44827586,0.0,0

0.10344827,0.012658235,0

0.32758617,0.0886076,0

0.34482753,0.20253164,0

0.55172414,0.6708861,0

0.31034482,0.18987343,0

0.6034482,0.40506327,0

0.6034482,0.40506327,0

0.34482753,0.5316456,0

0.39655167,0.62025315,0

0.67241377,0.443038,0

0.18965513,0.10126582,0

0.3793103,0.27848104,0

0.13793105,0.48101264,0

0.20689654,0.15189874,0

0.36206895,0.21518987,0

0.7068965,0.3544304,0

0.86206883,0.25316456,0

0.36,0.24,0

0.47,0.4,0

0.47,0.24,0

0.42,0.18,0

0.65,0.16,0

0.45,0.46,0

0.3,0.19,0

0.45,0.16,0

0.59,0.41,0

0.35,0.22,0

0.64,0.28,0

0.67,0.43,0

0.54,0.31,0

0.4,0.16,0

0.53,0.05,0

0.5,0.15,0

0.6,0.25,0

0.35,0.16,0

0.39,0.26,0

0.29,0.15,0

0.39,0.16,0

0.64,0.19,0

0.43,0.16,0

0.59,0.14,0

0.26,0.34,0

0.58,0.12,0

0.41,0.34,0

0.36,0.16,0

0.42,0.1,0

0.49,0.16,0

0.4,0.21,0

0.54,0.2,0

0.57,0.18,0

0.42,0.2,0

0.39,0.4,0

0.31,0.23,0

0.66,0.23,0

0.38,0.45,0

0.31,0.33,0

0.38,0.21,0

0.24,0.18,0

0.54,0.18,0

0.48,0.23,0

0.32,0.15,0

0.59,0.28,0

0.75,0.27,0

0.44,0.21,0

0.63,0.58,0

0.58,0.49,0

0.72,0.3,0

0.5172413,0.5,0

0.6206896,0.5,0

0.24137926,0.5,0

0.3793103,0.5,0

0.46551722,0.5,0

0.25862068,0.5,0

0.20689654,0.5,0

0.6551724,0.5,0

0.32758617,0.5,0

0.3793103,0.5,0

0.2931034,0.5,0

0.77586204,0.5,0

0.31034482,0.5,0

0.53448266,0.5,0

0.6034482,0.5,0

0.4310344,0.5,0

0.17241377,0.5,0

0.86206883,0.5,0

0.7586207,0.5,0

0.53448266,0.5,0

1.0,0.5,0

0.87931025,0.5,0

0.15517241,0.5,0

0.7931034,0.5,0

0.7931034,0.5,0

0.34482753,0.5,0

0.2931034,0.5,0

0.6206896,0.5,0

0.6551724,0.5,0

0.17241377,0.5,0

0.25862068,0.5,0

0.34482753,0.5,0

0.44827586,0.5,0

0.10344827,0.5,0

0.32758617,0.5,0

0.34482753,0.5,0

0.55172414,0.5,0

0.31034482,0.5,0

0.6034482,0.5,0

0.6034482,0.5,0

0.34482753,0.5,0

0.39655167,0.5,0

0.67241377,0.5,0

0.18965513,0.5,0

0.3793103,0.5,0

0.13793105,0.5,0

0.20689654,0.5,0

0.36206895,0.5,0

0.7068965,0.5,0

0.86206883,0.5,0

0.36,0.5,0

0.47,0.5,0

0.47,0.5,0

0.42,0.5,0

0.65,0.5,0

0.45,0.5,0

0.3,0.5,0

0.45,0.5,0

0.59,0.5,0

0.35,0.5,0

0.64,0.5,0

0.67,0.5,0

0.54,0.5,0

0.4,0.5,0

0.53,0.5,0

0.5,0.5,0

0.6,0.5,0

0.35,0.5,0

0.39,0.5,0

0.29,0.5,0

0.39,0.5,0

0.64,0.5,0

0.43,0.5,0

0.59,0.5,0

0.26,0.5,0

0.58,0.5,0

0.41,0.5,0

0.36,0.5,0

0.42,0.5,0

0.49,0.5,0

0.4,0.5,0

0.54,0.5,0

0.57,0.5,0

0.42,0.5,0

0.39,0.5,0

0.31,0.5,0

0.66,0.5,0

0.38,0.5,0

0.31,0.5,0

0.38,0.5,0

0.24,0.5,0

0.54,0.5,0

0.48,0.5,0

0.32,0.5,0

0.59,0.5,0

0.75,0.5,0

0.44,0.5,0

0.63,0.5,0

0.58,0.5,0

0.72,0.5,0

0.5172413,0.0,0

0.6206896,0.0,0

0.24137926,0.0,0

0.3793103,0.0,0

0.46551722,0.0,0

0.25862068,0.0,0

0.20689654,0.0,0

0.6551724,0.0,0

0.32758617,0.0,0

0.3793103,0.0,0

0.2931034,0.0,0

0.77586204,0.0,0

0.31034482,0.0,0

0.53448266,0.0,0

0.6034482,0.0,0

0.4310344,0.0,0

0.17241377,0.0,0

0.86206883,0.0,0

0.7586207,0.0,0

0.53448266,0.0,0

1.0,0.0,0

0.87931025,0.0,0

0.15517241,0.0,0

0.7931034,0.0,0

0.7931034,0.0,0

0.34482753,0.0,0

0.2931034,0.0,0

0.6206896,0.0,0

0.6551724,0.0,0

0.17241377,0.0,0

0.25862068,0.0,0

0.34482753,0.0,0

0.44827586,0.0,0

0.10344827,0.0,0

0.32758617,0.0,0

0.34482753,0.0,0

0.55172414,0.0,0

0.31034482,0.0,0

0.6034482,0.0,0

0.6034482,0.0,0

0.34482753,0.0,0

0.39655167,0.0,0

0.67241377,1.0,0

0.18965513,0.0,0

0.3793103,0.0,0

0.13793105,0.0,0

0.20689654,0.0,0

0.36206895,0.0,0

0.7068965,0.0,0

0.86206883,0.0,0

0.36,0.0,0

0.47,0.0,0

0.47,0.0,0

0.42,0.0,0

0.65,0.0,0

0.45,0.5,0

0.3,0.0,0

0.45,0.0,0

0.59,0.0,0

0.35,0.0,0

0.64,0.0,0

0.67,0.0,0

0.54,0.0,0

0.4,0.0,0

0.53,0.0,0

0.5,0.0,0

0.6,0.0,0

0.35,0.0,0

0.39,0.0,0

0.29,0.0,0

0.39,0.0,0

0.64,0.0,0

0.43,0.0,0

0.59,0.0,0

0.26,0.0,0

0.58,0.0,0

0.41,0.0,0

0.36,0.0,0

0.42,0.0,0

0.49,0.0,0

0.4,0.0,0

0.54,0.0,0

0.57,0.0,0

0.42,0.0,0

0.39,0.0,0

0.31,0.0,0

0.66,0.0,0

0.38,0.0,0

0.31,0.0,0

0.38,0.0,0

0.24,0.0,0

0.54,0.0,0

0.48,0.0,0

0.32,0.0,0

0.59,0.0,0

0.75,0.0,0

0.44,0.0,0

0.63,0.0,0

0.58,0.0,0

0.72,0.0,0

0.5172413,0.5,0

0.6206896,0.7272727,0

0.24137926,0.5,0

0.3793103,0.7272727,0

0.46551722,0.5454546,0

0.25862068,0.7272727,0

0.20689654,0.7272727,0

0.6551724,0.409091,0

0.32758617,0.5454546,0

0.3793103,0.5454546,0

0.2931034,0.5909091,0

0.77586204,0.5454546,0

0.31034482,0.9545455,0

0.53448266,1.0,0

0.6034482,0.5454546,0

0.4310344,0.909091,0

0.17241377,0.7272727,0

0.86206883,0.2727273,0

0.7586207,0.77272743,0

0.53448266,0.5909091,0

1.0,0.77272743,0

0.87931025,1.0,0

0.15517241,0.5,0

0.7931034,0.13636366,0

0.7931034,0.9545455,0

0.34482753,0.6818182,0

0.2931034,0.818182,0

0.6206896,0.409091,0

0.6551724,0.5454546,0

0.17241377,0.5909091,0

0.25862068,0.77272743,0

0.34482753,0.6818182,0

0.44827586,0.6818182,0

0.10344827,0.818182,0

0.32758617,0.909091,0

0.34482753,0.8636365,0

0.55172414,0.4545455,0

0.31034482,0.31818184,0

0.6034482,0.5909091,0

0.6034482,0.04545451,0

0.34482753,0.7272727,0

0.39655167,0.9545455,0

0.67241377,0.5909091,0

0.18965513,0.818182,0

0.3793103,0.6363637,0

0.13793105,0.6363637,0

0.20689654,0.36363634,0

0.36206895,0.5909091,0

0.7068965,0.409091,0

0.86206883,0.7272727,0

0.36,0.44,0

0.47,0.41,0

0.47,0.47,0

0.42,0.56,0

0.65,0.6,0

0.45,0.5,0

0.3,0.48,0

0.45,0.52,0

0.59,0.47,0

0.35,0.26,0

0.64,0.51,0

0.67,0.53,0

0.54,0.54,0

0.4,0.52,0

0.53,0.45,0

0.5,0.47,0

0.6,0.41,0

0.35,0.51,0

0.39,0.54,0

0.29,0.5,0

0.39,0.47,0

0.64,0.43,0

0.43,0.54,0

0.59,0.45,0

0.26,0.53,0

0.58,0.48,0

0.41,0.48,0

0.36,0.53,0

0.42,0.49,0

0.49,0.48,0

0.4,0.54,0

0.54,0.52,0

0.57,0.56,0

0.42,0.49,0

0.39,0.49,0

0.31,0.51,0

0.66,0.49,0

0.38,0.53,0

0.31,0.52,0

0.38,0.49,0

0.24,0.52,0

0.54,0.48,0

0.48,0.6,0

0.32,0.53,0

0.59,0.55,0

0.75,0.49,0

0.44,0.57,0

0.63,0.51,0

0.58,0.49,0

0.72,0.57,0

0.5172413,0.0,0

0.6206896,0.0,0

0.24137926,0.0,0

0.3793103,0.0,0

0.46551722,0.0,0

0.25862068,0.11363638,0

0.20689654,0.06818182,0

0.6551724,0.0,0

0.32758617,0.4090909,0

0.3793103,0.0,0

0.2931034,0.0,0

0.77586204,0.0,0

0.31034482,0.0,0

0.53448266,0.11363638,0

0.6034482,0.0,0

0.4310344,0.2272727,0

0.17241377,0.56818175,0

0.86206883,0.0,0

0.7586207,0.06818182,0

0.53448266,0.0,0

1.0,0.0,0

0.87931025,0.0,0

0.15517241,0.090909064,0

0.7931034,0.2954545,0

0.7931034,0.0,0

0.34482753,0.13636364,0

0.2931034,0.36363634,0

0.6206896,0.0,0

0.6551724,0.0,0

0.17241377,0.0,0

0.25862068,0.0,0

0.34482753,0.47727272,0

0.44827586,0.11363638,0

0.10344827,0.0,0

0.32758617,0.0,0

0.34482753,0.0,0

0.55172414,0.0,0

0.31034482,0.0,0

0.6034482,0.0,0

0.6034482,0.0,0

0.34482753,0.0,0

0.39655167,0.0,0

0.67241377,0.0,0

0.18965513,0.0,0

0.3793103,0.2954545,0

0.13793105,0.25000003,0

0.20689654,0.0,0

0.36206895,0.13636364,0

0.7068965,0.0,0

0.86206883,0.0,0

0.36,0.22,0

0.47,0.22,0

0.47,0.22,0

0.42,0.22,0

0.65,0.22,0

0.45,0.27,0

0.3,0.55,0

0.45,1.0,0

0.59,0.22,0

0.35,0.22,0

0.64,0.22,0

0.67,0.22,0

0.54,0.22,0

0.4,0.27,0

0.53,0.25,0

0.5,0.22,0

0.6,0.26,0

0.35,0.22,0

0.39,0.59,0

0.29,0.3,0

0.39,0.22,0

0.64,0.22,0

0.43,0.22,0

0.59,0.25,0

0.26,0.72,0

0.58,0.25,0

0.41,0.4,0

0.36,0.28,0

0.42,0.22,0

0.49,0.27,0

0.4,0.32,0

0.54,0.22,0

0.57,0.25,0

0.42,0.22,0

0.39,0.47,0

0.31,0.32,0

0.66,0.22,0

0.38,0.22,0

0.31,0.33,0

0.38,0.22,0

0.24,0.22,0

0.54,0.22,0

0.48,0.22,0

0.32,0.22,0

0.59,0.25,0

0.75,0.22,0

0.44,0.22,0

0.63,0.22,0

0.58,0.26,0

0.72,0.22,0

0.578125,0.5172413,0

0.59375,0.6206896,0

0.3125,0.24137926,0

0.46875003,0.3793103,0

0.40625,0.46551722,0

0.23437499,0.25862068,0

0.28125,0.20689654,0

0.484375,0.6551724,0

0.23437499,0.32758617,0

0.15625001,0.3793103,0

0.25000003,0.2931034,0

0.609375,0.77586204,0

0.45312494,0.31034482,0

0.328125,0.53448266,0

0.671875,0.6034482,0

0.46875003,0.4310344,0

0.578125,0.17241377,0

0.78125,0.86206883,0

0.578125,0.7586207,0

0.45312494,0.53448266,0

0.6875,1.0,0

0.515625,0.87931025,0

0.18750003,0.15517241,0

0.796875,0.7931034,0

0.515625,0.7931034,0

0.23437499,0.34482753,0

0.34375003,0.2931034,0

0.54687494,0.6206896,0

0.59375,0.6551724,0

0.390625,0.17241377,0

0.171875,0.25862068,0

0.29687503,0.34482753,0

0.375,0.44827586,0

0.34375003,0.10344827,0

0.23437499,0.32758617,0

0.28125,0.34482753,0

0.40625,0.55172414,0

0.390625,0.31034482,0

0.45312494,0.6034482,0

0.515625,0.6034482,0

0.328125,0.34482753,0

0.46875003,0.39655167,0

0.59375,0.67241377,0

0.3125,0.18965513,0

0.43749997,0.3793103,0

0.34375003,0.13793105,0

0.328125,0.20689654,0

0.578125,0.36206895,0

0.71875,0.7068965,0

0.796875,0.86206883,0

0.58,0.36,0

0.52,0.47,0

0.39,0.47,0

0.35,0.42,0

0.65,0.65,0

0.41,0.45,0

0.32,0.3,0

0.51,0.45,0

0.67,0.59,0

0.52,0.35,0

0.62,0.64,0

0.62,0.67,0

0.55,0.54,0

0.38,0.4,0

0.51,0.53,0

0.64,0.5,0

0.5,0.6,0

0.58,0.35,0

0.58,0.39,0

0.32,0.29,0

0.47,0.39,0

0.6,0.64,0

0.57,0.43,0

0.48,0.59,0

0.36,0.26,0

0.5,0.58,0

0.39,0.41,0

0.68,0.36,0

0.43,0.42,0

0.47,0.49,0

0.42,0.4,0

0.49,0.54,0

0.51,0.57,0

0.42,0.42,0

0.42,0.39,0

0.44,0.31,0

0.45,0.66,0

0.68,0.38,0

0.31,0.31,0

0.37,0.38,0

0.34,0.24,0

0.38,0.54,0

0.64,0.48,0

0.57,0.32,0

0.5,0.59,0

0.7,0.75,0

0.42,0.44,0

0.56,0.63,0

0.58,0.58,0

0.61,0.72,0

0.578125,0.5777777,0

0.59375,0.62222224,0

0.3125,0.5999999,0

0.46875003,0.5999999,0

0.40625,1.0,0

0.23437499,0.73333335,0

0.28125,0.79999995,0

0.484375,0.53333324,0

0.23437499,0.6444444,0

0.15625001,0.75555557,0

0.25000003,0.6444444,0

0.609375,0.4666666,0

0.45312494,0.68888885,0

0.328125,0.711111,0

0.671875,0.79999995,0

0.46875003,0.48888886,0

0.578125,0.8888889,0

0.78125,0.4666666,0

0.578125,0.53333324,0

0.45312494,0.48888886,0

0.6875,0.39999995,0

0.515625,0.44444442,0

0.18750003,0.77777773,0

0.796875,0.8222222,0

0.515625,0.6666666,0

0.23437499,0.6666666,0

0.34375003,0.75555557,0

0.54687494,0.77777773,0

0.59375,0.62222224,0

0.390625,0.711111,0

0.171875,0.68888885,0

0.29687503,0.6666666,0

0.375,0.5111111,0

0.34375003,0.79999995,0

0.23437499,0.84444433,0

0.28125,0.68888885,0

0.40625,0.5111111,0

0.390625,0.8222222,0

0.45312494,0.73333335,0

0.515625,0.84444433,0

0.328125,0.75555557,0

0.46875003,0.8666667,0

0.59375,0.4222222,0

0.3125,0.3111111,0

0.43749997,0.84444433,0

0.34375003,0.91111106,0

0.328125,0.77777773,0

0.578125,0.62222224,0

0.71875,0.68888885,0

0.796875,0.4222222,0

0.58,0.35,0

0.52,0.5,0

0.39,0.55,0

0.35,0.54,0

0.65,0.52,0

0.41,0.5,0

0.32,0.57,0

0.51,0.5,0

0.67,0.56,0

0.52,0.48,0

0.62,0.29,0

0.62,0.54,0

0.55,0.34,0

0.38,0.53,0

0.51,0.55,0

0.64,0.57,0

0.5,0.57,0

0.58,0.54,0

0.58,0.5,0

0.32,0.58,0

0.47,0.56,0

0.6,0.57,0

0.57,0.53,0

0.48,0.5,0

0.36,0.47,0

0.5,0.5,0

0.39,0.44,0

0.68,0.46,0

0.43,0.56,0

0.47,0.53,0

0.42,0.71,0

0.49,0.49,0

0.51,0.53,0

0.42,0.42,0

0.42,0.38,0

0.44,0.53,0

0.45,0.5,0

0.68,0.44,0

0.31,0.56,0

0.37,0.56,0

0.34,0.69,0

0.38,0.52,0

0.64,0.61,0

0.57,0.5,0

0.5,0.52,0

0.7,0.38,0

0.42,0.6,0

0.56,0.45,0

0.58,0.58,0

0.61,0.37,0

0.578125,0.06329113,0

0.59375,0.0886076,0

0.3125,0.5822785,0

0.46875003,0.72151893,0

0.40625,0.3544304,0

0.23437499,0.16455695,0

0.28125,0.3417721,0

0.484375,0.1392405,0

0.23437499,0.037974685,0

0.15625001,0.16455695,0

0.25000003,0.10126582,0

0.609375,0.27848104,0

0.45312494,0.0886076,0

0.328125,0.1392405,0

0.671875,0.20253164,0

0.46875003,0.02531646,0

0.578125,0.05063291,0

0.78125,0.22784808,0

0.578125,0.27848104,0

0.45312494,0.4556962,0

0.6875,0.20253164,0

0.515625,0.25316456,0

0.18750003,0.12658228,0

0.796875,0.49367085,0

0.515625,0.25316456,0

0.23437499,0.16455695,0

0.34375003,0.443038,0

0.54687494,0.18987343,0

0.59375,0.02531646,0

0.390625,0.1392405,0

0.171875,0.556962,0

0.29687503,0.30379745,0

0.375,0.0,0

0.34375003,0.012658235,0

0.23437499,0.0886076,0

0.28125,0.20253164,0

0.40625,0.6708861,0

0.390625,0.18987343,0

0.45312494,0.40506327,0

0.515625,0.40506327,0

0.328125,0.5316456,0

0.46875003,0.62025315,0

0.59375,0.443038,0

0.3125,0.10126582,0

0.43749997,0.27848104,0

0.34375003,0.48101264,0

0.328125,0.15189874,0

0.578125,0.21518987,0

0.71875,0.3544304,0

0.796875,0.25316456,0

0.58,0.24,0

0.52,0.4,0

0.39,0.24,0

0.35,0.18,0

0.65,0.16,0

0.41,0.46,0

0.32,0.19,0

0.51,0.16,0

0.67,0.41,0

0.52,0.22,0

0.62,0.28,0

0.62,0.43,0

0.55,0.31,0

0.38,0.16,0

0.51,0.05,0

0.64,0.15,0

0.5,0.25,0

0.58,0.16,0

0.58,0.26,0

0.32,0.15,0

0.47,0.16,0

0.6,0.19,0

0.57,0.16,0

0.48,0.14,0

0.36,0.34,0

0.5,0.12,0

0.39,0.34,0

0.68,0.16,0

0.43,0.1,0

0.47,0.16,0

0.42,0.21,0

0.49,0.2,0

0.51,0.18,0

0.42,0.2,0

0.42,0.4,0

0.44,0.23,0

0.45,0.23,0

0.68,0.45,0

0.31,0.33,0

0.37,0.21,0

0.34,0.18,0

0.38,0.18,0

0.64,0.23,0

0.57,0.15,0

0.5,0.28,0

0.7,0.27,0

0.42,0.21,0

0.56,0.58,0

0.58,0.49,0

0.61,0.3,0

0.578125,0.5,0

0.59375,0.5,0

0.3125,0.5,0

0.46875003,0.5,0

0.40625,0.5,0

0.23437499,0.5,0

0.28125,0.5,0

0.484375,0.5,0

0.23437499,0.5,0

0.15625001,0.5,0

0.25000003,0.5,0

0.609375,0.5,0

0.45312494,0.5,0

0.328125,0.5,0

0.671875,0.5,0

0.46875003,0.5,0

0.578125,0.5,0

0.78125,0.5,0

0.578125,0.5,0

0.45312494,0.5,0

0.6875,0.5,0

0.515625,0.5,0

0.18750003,0.5,0

0.796875,0.5,0

0.515625,0.5,0

0.23437499,0.5,0

0.34375003,0.5,0

0.54687494,0.5,0

0.59375,0.5,0

0.390625,0.5,0

0.171875,0.5,0

0.29687503,0.5,0

0.375,0.5,0

0.34375003,0.5,0

0.23437499,0.5,0

0.28125,0.5,0

0.40625,0.5,0

0.390625,0.5,0

0.45312494,0.5,0

0.515625,0.5,0

0.328125,0.5,0

0.46875003,0.5,0

0.59375,0.5,0

0.3125,0.5,0

0.43749997,0.5,0

0.34375003,0.5,0

0.328125,0.5,0

0.578125,0.5,0

0.71875,0.5,0

0.796875,0.5,0

0.58,0.5,0

0.52,0.5,0

0.39,0.5,0

0.35,0.5,0

0.65,0.5,0

0.41,0.5,0

0.32,0.5,0

0.51,0.5,0

0.67,0.5,0

0.52,0.5,0

0.62,0.5,0

0.62,0.5,0

0.55,0.5,0

0.38,0.5,0

0.51,0.5,0

0.64,0.5,0

0.5,0.5,0

0.58,0.5,0

0.58,0.5,0

0.32,0.5,0

0.47,0.5,0

0.6,0.5,0

0.57,0.5,0

0.48,0.5,0

0.36,0.5,0

0.5,0.5,0

0.39,0.5,0

0.68,0.5,0

0.43,0.5,0

0.47,0.5,0

0.42,0.5,0

0.49,0.5,0

0.51,0.5,0

0.42,0.5,0

0.42,0.5,0

0.44,0.5,0

0.45,0.5,0

0.68,0.5,0

0.31,0.5,0

0.37,0.5,0

0.34,0.5,0

0.38,0.5,0

0.64,0.5,0

0.57,0.5,0

0.5,0.5,0

0.7,0.5,0

0.42,0.5,0

0.56,0.5,0

0.58,0.5,0

0.61,0.5,0

0.578125,0.0,0

0.59375,0.0,0

0.3125,0.0,0

0.46875003,0.0,0

0.40625,0.0,0

0.23437499,0.0,0

0.28125,0.0,0

0.484375,0.0,0

0.23437499,0.0,0

0.15625001,0.0,0

0.25000003,0.0,0

0.609375,0.0,0

0.45312494,0.0,0

0.328125,0.0,0

0.671875,0.0,0

0.46875003,0.0,0

0.578125,0.0,0

0.78125,0.0,0

0.578125,0.0,0

0.45312494,0.0,0

0.6875,0.0,0

0.515625,0.0,0

0.18750003,0.0,0

0.796875,0.0,0

0.515625,0.0,0

0.23437499,0.0,0

0.34375003,0.0,0

0.54687494,0.0,0

0.59375,0.0,0

0.390625,0.0,0

0.171875,0.0,0

0.29687503,0.0,0

0.375,0.0,0

0.34375003,0.0,0

0.23437499,0.0,0

0.28125,0.0,0

0.40625,0.0,0

0.390625,0.0,0

0.45312494,0.0,0

0.515625,0.0,0

0.328125,0.0,0

0.46875003,0.0,0

0.59375,1.0,0

0.3125,0.0,0

0.43749997,0.0,0

0.34375003,0.0,0

0.328125,0.0,0

0.578125,0.0,0

0.71875,0.0,0

0.796875,0.0,0

0.58,0.0,0

0.52,0.0,0

0.39,0.0,0

0.35,0.0,0

0.65,0.0,0

0.41,0.5,0

0.32,0.0,0

0.51,0.0,0

0.67,0.0,0

0.52,0.0,0

0.62,0.0,0

0.62,0.0,0

0.55,0.0,0

0.38,0.0,0

0.51,0.0,0

0.64,0.0,0

0.5,0.0,0

0.58,0.0,0

0.58,0.0,0

0.32,0.0,0

0.47,0.0,0

0.6,0.0,0

0.57,0.0,0

0.48,0.0,0

0.36,0.0,0

0.5,0.0,0

0.39,0.0,0

0.68,0.0,0

0.43,0.0,0

0.47,0.0,0

0.42,0.0,0

0.49,0.0,0

0.51,0.0,0

0.42,0.0,0

0.42,0.0,0

0.44,0.0,0

0.45,0.0,0

0.68,0.0,0

0.31,0.0,0

0.37,0.0,0

0.34,0.0,0

0.38,0.0,0

0.64,0.0,0

0.57,0.0,0

0.5,0.0,0

0.7,0.0,0

0.42,0.0,0

0.56,0.0,0

0.58,0.0,0

0.61,0.0,0

0.578125,0.5,0

0.59375,0.7272727,0

0.3125,0.5,0

0.46875003,0.7272727,0

0.40625,0.5454546,0

0.23437499,0.7272727,0

0.28125,0.7272727,0

0.484375,0.409091,0

0.23437499,0.5454546,0

0.15625001,0.5454546,0

0.25000003,0.5909091,0

0.609375,0.5454546,0

0.45312494,0.9545455,0

0.328125,1.0,0

0.671875,0.5454546,0

0.46875003,0.909091,0

0.578125,0.7272727,0

0.78125,0.2727273,0

0.578125,0.77272743,0

0.45312494,0.5909091,0

0.6875,0.77272743,0

0.515625,1.0,0

0.18750003,0.5,0

0.796875,0.13636366,0

0.515625,0.9545455,0

0.23437499,0.6818182,0

0.34375003,0.818182,0

0.54687494,0.409091,0

0.59375,0.5454546,0

0.390625,0.5909091,0

0.171875,0.77272743,0

0.29687503,0.6818182,0

0.375,0.6818182,0

0.34375003,0.818182,0

0.23437499,0.909091,0

0.28125,0.8636365,0

0.40625,0.4545455,0

0.390625,0.31818184,0

0.45312494,0.5909091,0

0.515625,0.04545451,0

0.328125,0.7272727,0

0.46875003,0.9545455,0

0.59375,0.5909091,0

0.3125,0.818182,0

0.43749997,0.6363637,0

0.34375003,0.6363637,0

0.328125,0.36363634,0

0.578125,0.5909091,0

0.71875,0.409091,0

0.796875,0.7272727,0

0.58,0.44,0

0.52,0.41,0

0.39,0.47,0

0.35,0.56,0

0.65,0.6,0

0.41,0.5,0

0.32,0.48,0

0.51,0.52,0

0.67,0.47,0

0.52,0.26,0

0.62,0.51,0

0.62,0.53,0

0.55,0.54,0

0.38,0.52,0

0.51,0.45,0

0.64,0.47,0

0.5,0.41,0

0.58,0.51,0

0.58,0.54,0

0.32,0.5,0

0.47,0.47,0

0.6,0.43,0

0.57,0.54,0

0.48,0.45,0

0.36,0.53,0

0.5,0.48,0

0.39,0.48,0

0.68,0.53,0

0.43,0.49,0

0.47,0.48,0

0.42,0.54,0

0.49,0.52,0

0.51,0.56,0

0.42,0.49,0

0.42,0.49,0

0.44,0.51,0

0.45,0.49,0

0.68,0.53,0

0.31,0.52,0

0.37,0.49,0

0.34,0.52,0

0.38,0.48,0

0.64,0.6,0

0.57,0.53,0

0.5,0.55,0

0.7,0.49,0

0.42,0.57,0

0.56,0.51,0

0.58,0.49,0

0.61,0.57,0

0.578125,0.0,0

0.59375,0.0,0

0.3125,0.0,0

0.46875003,0.0,0

0.40625,0.0,0

0.23437499,0.11363638,0

0.28125,0.06818182,0

0.484375,0.0,0

0.23437499,0.4090909,0

0.15625001,0.0,0

0.25000003,0.0,0

0.609375,0.0,0

0.45312494,0.0,0

0.328125,0.11363638,0

0.671875,0.0,0

0.46875003,0.2272727,0

0.578125,0.56818175,0

0.78125,0.0,0

0.578125,0.06818182,0

0.45312494,0.0,0

0.6875,0.0,0

0.515625,0.0,0

0.18750003,0.090909064,0

0.796875,0.2954545,0

0.515625,0.0,0

0.23437499,0.13636364,0

0.34375003,0.36363634,0

0.54687494,0.0,0

0.59375,0.0,0

0.390625,0.0,0

0.171875,0.0,0

0.29687503,0.47727272,0

0.375,0.11363638,0

0.34375003,0.0,0

0.23437499,0.0,0

0.28125,0.0,0

0.40625,0.0,0

0.390625,0.0,0

0.45312494,0.0,0

0.515625,0.0,0

0.328125,0.0,0

0.46875003,0.0,0

0.59375,0.0,0

0.3125,0.0,0

0.43749997,0.2954545,0

0.34375003,0.25000003,0

0.328125,0.0,0

0.578125,0.13636364,0

0.71875,0.0,0

0.796875,0.0,0

0.58,0.22,0

0.52,0.22,0

0.39,0.22,0

0.35,0.22,0

0.65,0.22,0

0.41,0.27,0

0.32,0.55,0

0.51,1.0,0

0.67,0.22,0

0.52,0.22,0

0.62,0.22,0

0.62,0.22,0

0.55,0.22,0

0.38,0.27,0

0.51,0.25,0

0.64,0.22,0

0.5,0.26,0

0.58,0.22,0

0.58,0.59,0

0.32,0.3,0

0.47,0.22,0

0.6,0.22,0

0.57,0.22,0

0.48,0.25,0

0.36,0.72,0

0.5,0.25,0

0.39,0.4,0

0.68,0.28,0

0.43,0.22,0

0.47,0.27,0

0.42,0.32,0

0.49,0.22,0

0.51,0.25,0

0.42,0.22,0

0.42,0.47,0

0.44,0.32,0

0.45,0.22,0

0.68,0.22,0

0.31,0.33,0

0.37,0.22,0

0.34,0.22,0

0.38,0.22,0

0.64,0.22,0

0.57,0.22,0

0.5,0.25,0

0.7,0.22,0

0.42,0.22,0

0.56,0.22,0

0.58,0.26,0

0.61,0.22,0

0.5777777,0.5172413,0

0.62222224,0.6206896,0

0.5999999,0.24137926,0

0.5999999,0.3793103,0

1.0,0.46551722,0

0.73333335,0.25862068,0

0.79999995,0.20689654,0

0.53333324,0.6551724,0

0.6444444,0.32758617,0

0.75555557,0.3793103,0

0.6444444,0.2931034,0

0.4666666,0.77586204,0

0.68888885,0.31034482,0

0.711111,0.53448266,0

0.79999995,0.6034482,0

0.48888886,0.4310344,0

0.8888889,0.17241377,0

0.4666666,0.86206883,0

0.53333324,0.7586207,0

0.48888886,0.53448266,0

0.39999995,1.0,0

0.44444442,0.87931025,0

0.77777773,0.15517241,0

0.8222222,0.7931034,0

0.6666666,0.7931034,0

0.6666666,0.34482753,0

0.75555557,0.2931034,0

0.77777773,0.6206896,0

0.62222224,0.6551724,0

0.711111,0.17241377,0

0.68888885,0.25862068,0

0.6666666,0.34482753,0

0.5111111,0.44827586,0

0.79999995,0.10344827,0

0.84444433,0.32758617,0

0.68888885,0.34482753,0

0.5111111,0.55172414,0

0.8222222,0.31034482,0

0.73333335,0.6034482,0

0.84444433,0.6034482,0

0.75555557,0.34482753,0

0.8666667,0.39655167,0

0.4222222,0.67241377,0

0.3111111,0.18965513,0

0.84444433,0.3793103,0

0.91111106,0.13793105,0

0.77777773,0.20689654,0

0.62222224,0.36206895,0

0.68888885,0.7068965,0

0.4222222,0.86206883,0

0.35,0.36,0

0.5,0.47,0

0.55,0.47,0

0.54,0.42,0

0.52,0.65,0

0.5,0.45,0

0.57,0.3,0

0.5,0.45,0

0.56,0.59,0

0.48,0.35,0

0.29,0.64,0

0.54,0.67,0

0.34,0.54,0

0.53,0.4,0

0.55,0.53,0

0.57,0.5,0

0.57,0.6,0

0.54,0.35,0

0.5,0.39,0

0.58,0.29,0

0.56,0.39,0

0.57,0.64,0

0.53,0.43,0

0.5,0.59,0

0.47,0.26,0

0.5,0.58,0

0.44,0.41,0

0.46,0.36,0

0.56,0.42,0

0.53,0.49,0

0.71,0.4,0

0.49,0.54,0

0.53,0.57,0

0.42,0.42,0

0.38,0.39,0

0.53,0.31,0

0.5,0.66,0

0.44,0.38,0

0.56,0.31,0

0.56,0.38,0

0.69,0.24,0

0.52,0.54,0

0.61,0.48,0

0.5,0.32,0

0.52,0.59,0

0.38,0.75,0

0.6,0.44,0

0.45,0.63,0

0.58,0.58,0

0.37,0.72,0

0.5777777,0.578125,0

0.62222224,0.59375,0

0.5999999,0.3125,0

0.5999999,0.46875003,0

1.0,0.40625,0

0.73333335,0.23437499,0

0.79999995,0.28125,0

0.53333324,0.484375,0

0.6444444,0.23437499,0

0.75555557,0.15625001,0

0.6444444,0.25000003,0

0.4666666,0.609375,0

0.68888885,0.45312494,0

0.711111,0.328125,0

0.79999995,0.671875,0

0.48888886,0.46875003,0

0.8888889,0.578125,0

0.4666666,0.78125,0

0.53333324,0.578125,0

0.48888886,0.45312494,0

0.39999995,0.6875,0

0.44444442,0.515625,0

0.77777773,0.18750003,0

0.8222222,0.796875,0

0.6666666,0.515625,0

0.6666666,0.23437499,0

0.75555557,0.34375003,0

0.77777773,0.54687494,0

0.62222224,0.59375,0

0.711111,0.390625,0

0.68888885,0.171875,0

0.6666666,0.29687503,0

0.5111111,0.375,0

0.79999995,0.34375003,0

0.84444433,0.23437499,0

0.68888885,0.28125,0

0.5111111,0.40625,0

0.8222222,0.390625,0

0.73333335,0.45312494,0

0.84444433,0.515625,0

0.75555557,0.328125,0

0.8666667,0.46875003,0

0.4222222,0.59375,0

0.3111111,0.3125,0

0.84444433,0.43749997,0

0.91111106,0.34375003,0

0.77777773,0.328125,0

0.62222224,0.578125,0

0.68888885,0.71875,0

0.4222222,0.796875,0

0.35,0.58,0

0.5,0.52,0

0.55,0.39,0

0.54,0.35,0

0.52,0.65,0

0.5,0.41,0

0.57,0.32,0

0.5,0.51,0

0.56,0.67,0

0.48,0.52,0

0.29,0.62,0

0.54,0.62,0

0.34,0.55,0

0.53,0.38,0

0.55,0.51,0

0.57,0.64,0

0.57,0.5,0

0.54,0.58,0

0.5,0.58,0

0.58,0.32,0

0.56,0.47,0

0.57,0.6,0

0.53,0.57,0

0.5,0.48,0

0.47,0.36,0

0.5,0.5,0

0.44,0.39,0

0.46,0.68,0

0.56,0.43,0

0.53,0.47,0

0.71,0.42,0

0.49,0.49,0

0.53,0.51,0

0.42,0.42,0

0.38,0.42,0

0.53,0.44,0

0.5,0.45,0

0.44,0.68,0

0.56,0.31,0

0.56,0.37,0

0.69,0.34,0

0.52,0.38,0

0.61,0.64,0

0.5,0.57,0

0.52,0.5,0

0.38,0.7,0

0.6,0.42,0

0.45,0.56,0

0.58,0.58,0

0.37,0.61,0

0.5777777,0.06329113,0

0.62222224,0.0886076,0

0.5999999,0.5822785,0

0.5999999,0.72151893,0

1.0,0.3544304,0

0.73333335,0.16455695,0

0.79999995,0.3417721,0

0.53333324,0.1392405,0

0.6444444,0.037974685,0

0.75555557,0.16455695,0

0.6444444,0.10126582,0

0.4666666,0.27848104,0

0.68888885,0.0886076,0

0.711111,0.1392405,0

0.79999995,0.20253164,0

0.48888886,0.02531646,0

0.8888889,0.05063291,0

0.4666666,0.22784808,0

0.53333324,0.27848104,0

0.48888886,0.4556962,0

0.39999995,0.20253164,0

0.44444442,0.25316456,0

0.77777773,0.12658228,0

0.8222222,0.49367085,0

0.6666666,0.25316456,0

0.6666666,0.16455695,0

0.75555557,0.443038,0

0.77777773,0.18987343,0

0.62222224,0.02531646,0

0.711111,0.1392405,0

0.68888885,0.556962,0

0.6666666,0.30379745,0

0.5111111,0.0,0

0.79999995,0.012658235,0

0.84444433,0.0886076,0

0.68888885,0.20253164,0

0.5111111,0.6708861,0

0.8222222,0.18987343,0

0.73333335,0.40506327,0

0.84444433,0.40506327,0

0.75555557,0.5316456,0

0.8666667,0.62025315,0

0.4222222,0.443038,0

0.3111111,0.10126582,0

0.84444433,0.27848104,0

0.91111106,0.48101264,0

0.77777773,0.15189874,0

0.62222224,0.21518987,0

0.68888885,0.3544304,0

0.4222222,0.25316456,0

0.35,0.24,0

0.5,0.4,0

0.55,0.24,0

0.54,0.18,0

0.52,0.16,0

0.5,0.46,0

0.57,0.19,0

0.5,0.16,0

0.56,0.41,0

0.48,0.22,0

0.29,0.28,0

0.54,0.43,0

0.34,0.31,0

0.53,0.16,0

0.55,0.05,0

0.57,0.15,0

0.57,0.25,0

0.54,0.16,0

0.5,0.26,0

0.58,0.15,0

0.56,0.16,0

0.57,0.19,0

0.53,0.16,0

0.5,0.14,0

0.47,0.34,0

0.5,0.12,0

0.44,0.34,0

0.46,0.16,0

0.56,0.1,0

0.53,0.16,0

0.71,0.21,0

0.49,0.2,0

0.53,0.18,0

0.42,0.2,0

0.38,0.4,0

0.53,0.23,0

0.5,0.23,0

0.44,0.45,0

0.56,0.33,0

0.56,0.21,0

0.69,0.18,0

0.52,0.18,0

0.61,0.23,0

0.5,0.15,0

0.52,0.28,0

0.38,0.27,0

0.6,0.21,0

0.45,0.58,0

0.58,0.49,0

0.37,0.3,0

0.5777777,0.5,0

0.62222224,0.5,0

0.5999999,0.5,0

0.5999999,0.5,0

1.0,0.5,0

0.73333335,0.5,0

0.79999995,0.5,0

0.53333324,0.5,0

0.6444444,0.5,0

0.75555557,0.5,0

0.6444444,0.5,0

0.4666666,0.5,0

0.68888885,0.5,0

0.711111,0.5,0

0.79999995,0.5,0

0.48888886,0.5,0

0.8888889,0.5,0

0.4666666,0.5,0

0.53333324,0.5,0

0.48888886,0.5,0

0.39999995,0.5,0

0.44444442,0.5,0

0.77777773,0.5,0

0.8222222,0.5,0

0.6666666,0.5,0

0.6666666,0.5,0

0.75555557,0.5,0

0.77777773,0.5,0

0.62222224,0.5,0

0.711111,0.5,0

0.68888885,0.5,0

0.6666666,0.5,0

0.5111111,0.5,0

0.79999995,0.5,0

0.84444433,0.5,0

0.68888885,0.5,0

0.5111111,0.5,0

0.8222222,0.5,0

0.73333335,0.5,0

0.84444433,0.5,0

0.75555557,0.5,0

0.8666667,0.5,0

0.4222222,0.5,0

0.3111111,0.5,0

0.84444433,0.5,0

0.91111106,0.5,0

0.77777773,0.5,0

0.62222224,0.5,0

0.68888885,0.5,0

0.4222222,0.5,0

0.35,0.5,0

0.5,0.5,0

0.55,0.5,0

0.54,0.5,0

0.52,0.5,0

0.5,0.5,0

0.57,0.5,0

0.5,0.5,0

0.56,0.5,0

0.48,0.5,0

0.29,0.5,0

0.54,0.5,0

0.34,0.5,0

0.53,0.5,0

0.55,0.5,0

0.57,0.5,0

0.57,0.5,0

0.54,0.5,0

0.5,0.5,0

0.58,0.5,0

0.56,0.5,0

0.57,0.5,0

0.53,0.5,0

0.5,0.5,0

0.47,0.5,0

0.5,0.5,0

0.44,0.5,0

0.46,0.5,0

0.56,0.5,0

0.53,0.5,0

0.71,0.5,0

0.49,0.5,0

0.53,0.5,0

0.42,0.5,0

0.38,0.5,0

0.53,0.5,0

0.5,0.5,0

0.44,0.5,0

0.56,0.5,0

0.56,0.5,0

0.69,0.5,0

0.52,0.5,0

0.61,0.5,0

0.5,0.5,0

0.52,0.5,0

0.38,0.5,0

0.6,0.5,0

0.45,0.5,0

0.58,0.5,0

0.37,0.5,0

0.5777777,0.0,0

0.62222224,0.0,0

0.5999999,0.0,0

0.5999999,0.0,0

1.0,0.0,0

0.73333335,0.0,0

0.79999995,0.0,0

0.53333324,0.0,0

0.6444444,0.0,0

0.75555557,0.0,0

0.6444444,0.0,0

0.4666666,0.0,0

0.68888885,0.0,0

0.711111,0.0,0

0.79999995,0.0,0

0.48888886,0.0,0

0.8888889,0.0,0

0.4666666,0.0,0

0.53333324,0.0,0

0.48888886,0.0,0

0.39999995,0.0,0

0.44444442,0.0,0

0.77777773,0.0,0

0.8222222,0.0,0

0.6666666,0.0,0

0.6666666,0.0,0

0.75555557,0.0,0

0.77777773,0.0,0

0.62222224,0.0,0

0.711111,0.0,0

0.68888885,0.0,0

0.6666666,0.0,0

0.5111111,0.0,0

0.79999995,0.0,0

0.84444433,0.0,0

0.68888885,0.0,0

0.5111111,0.0,0

0.8222222,0.0,0

0.73333335,0.0,0

0.84444433,0.0,0

0.75555557,0.0,0

0.8666667,0.0,0

0.4222222,1.0,0

0.3111111,0.0,0

0.84444433,0.0,0

0.91111106,0.0,0

0.77777773,0.0,0

0.62222224,0.0,0

0.68888885,0.0,0

0.4222222,0.0,0

0.35,0.0,0

0.5,0.0,0

0.55,0.0,0

0.54,0.0,0

0.52,0.0,0

0.5,0.5,0

0.57,0.0,0

0.5,0.0,0

0.56,0.0,0

0.48,0.0,0

0.29,0.0,0

0.54,0.0,0

0.34,0.0,0

0.53,0.0,0

0.55,0.0,0

0.57,0.0,0

0.57,0.0,0

0.54,0.0,0

0.5,0.0,0

0.58,0.0,0

0.56,0.0,0

0.57,0.0,0

0.53,0.0,0

0.5,0.0,0

0.47,0.0,0

0.5,0.0,0

0.44,0.0,0

0.46,0.0,0

0.56,0.0,0

0.53,0.0,0

0.71,0.0,0

0.49,0.0,0

0.53,0.0,0

0.42,0.0,0

0.38,0.0,0

0.53,0.0,0

0.5,0.0,0

0.44,0.0,0

0.56,0.0,0

0.56,0.0,0

0.69,0.0,0

0.52,0.0,0

0.61,0.0,0

0.5,0.0,0

0.52,0.0,0

0.38,0.0,0

0.6,0.0,0

0.45,0.0,0

0.58,0.0,0

0.37,0.0,0

0.5777777,0.5,0

0.62222224,0.7272727,0

0.5999999,0.5,0

0.5999999,0.7272727,0

1.0,0.5454546,0

0.73333335,0.7272727,0

0.79999995,0.7272727,0

0.53333324,0.409091,0

0.6444444,0.5454546,0

0.75555557,0.5454546,0

0.6444444,0.5909091,0

0.4666666,0.5454546,0

0.68888885,0.9545455,0

0.711111,1.0,0

0.79999995,0.5454546,0

0.48888886,0.909091,0

0.8888889,0.7272727,0

0.4666666,0.2727273,0

0.53333324,0.77272743,0

0.48888886,0.5909091,0

0.39999995,0.77272743,0

0.44444442,1.0,0

0.77777773,0.5,0

0.8222222,0.13636366,0

0.6666666,0.9545455,0

0.6666666,0.6818182,0

0.75555557,0.818182,0

0.77777773,0.409091,0

0.62222224,0.5454546,0

0.711111,0.5909091,0

0.68888885,0.77272743,0

0.6666666,0.6818182,0

0.5111111,0.6818182,0

0.79999995,0.818182,0

0.84444433,0.909091,0

0.68888885,0.8636365,0

0.5111111,0.4545455,0

0.8222222,0.31818184,0

0.73333335,0.5909091,0

0.84444433,0.04545451,0

0.75555557,0.7272727,0

0.8666667,0.9545455,0

0.4222222,0.5909091,0

0.3111111,0.818182,0

0.84444433,0.6363637,0

0.91111106,0.6363637,0

0.77777773,0.36363634,0

0.62222224,0.5909091,0

0.68888885,0.409091,0

0.4222222,0.7272727,0

0.35,0.44,0

0.5,0.41,0

0.55,0.47,0

0.54,0.56,0

0.52,0.6,0

0.5,0.5,0

0.57,0.48,0

0.5,0.52,0

0.56,0.47,0

0.48,0.26,0

0.29,0.51,0

0.54,0.53,0

0.34,0.54,0

0.53,0.52,0

0.55,0.45,0

0.57,0.47,0

0.57,0.41,0

0.54,0.51,0

0.5,0.54,0

0.58,0.5,0

0.56,0.47,0

0.57,0.43,0

0.53,0.54,0

0.5,0.45,0

0.47,0.53,0

0.5,0.48,0

0.44,0.48,0

0.46,0.53,0

0.56,0.49,0

0.53,0.48,0

0.71,0.54,0

0.49,0.52,0

0.53,0.56,0

0.42,0.49,0

0.38,0.49,0

0.53,0.51,0

0.5,0.49,0

0.44,0.53,0

0.56,0.52,0

0.56,0.49,0

0.69,0.52,0

0.52,0.48,0

0.61,0.6,0

0.5,0.53,0

0.52,0.55,0

0.38,0.49,0

0.6,0.57,0

0.45,0.51,0

0.58,0.49,0

0.37,0.57,0

0.5777777,0.0,0

0.62222224,0.0,0

0.5999999,0.0,0

0.5999999,0.0,0

1.0,0.0,0

0.73333335,0.11363638,0

0.79999995,0.06818182,0

0.53333324,0.0,0

0.6444444,0.4090909,0

0.75555557,0.0,0

0.6444444,0.0,0

0.4666666,0.0,0

0.68888885,0.0,0

0.711111,0.11363638,0

0.79999995,0.0,0

0.48888886,0.2272727,0

0.8888889,0.56818175,0

0.4666666,0.0,0

0.53333324,0.06818182,0

0.48888886,0.0,0

0.39999995,0.0,0

0.44444442,0.0,0

0.77777773,0.090909064,0

0.8222222,0.2954545,0

0.6666666,0.0,0

0.6666666,0.13636364,0

0.75555557,0.36363634,0

0.77777773,0.0,0

0.62222224,0.0,0

0.711111,0.0,0

0.68888885,0.0,0

0.6666666,0.47727272,0

0.5111111,0.11363638,0

0.79999995,0.0,0

0.84444433,0.0,0

0.68888885,0.0,0

0.5111111,0.0,0

0.8222222,0.0,0

0.73333335,0.0,0

0.84444433,0.0,0

0.75555557,0.0,0

0.8666667,0.0,0

0.4222222,0.0,0

0.3111111,0.0,0

0.84444433,0.2954545,0

0.91111106,0.25000003,0

0.77777773,0.0,0

0.62222224,0.13636364,0

0.68888885,0.0,0

0.4222222,0.0,0

0.35,0.22,0

0.5,0.22,0

0.55,0.22,0

0.54,0.22,0

0.52,0.22,0

0.5,0.27,0

0.57,0.55,0

0.5,1.0,0

0.56,0.22,0

0.48,0.22,0

0.29,0.22,0

0.54,0.22,0

0.34,0.22,0

0.53,0.27,0

0.55,0.25,0

0.57,0.22,0

0.57,0.26,0

0.54,0.22,0

0.5,0.59,0

0.58,0.3,0

0.56,0.22,0

0.57,0.22,0

0.53,0.22,0

0.5,0.25,0

0.47,0.72,0

0.5,0.25,0

0.44,0.4,0

0.46,0.28,0

0.56,0.22,0

0.53,0.27,0

0.71,0.32,0

0.49,0.22,0

0.53,0.25,0

0.42,0.22,0

0.38,0.47,0

0.53,0.32,0

0.5,0.22,0

0.44,0.22,0

0.56,0.33,0

0.56,0.22,0

0.69,0.22,0

0.52,0.22,0

0.61,0.22,0

0.5,0.22,0

0.52,0.25,0

0.38,0.22,0

0.6,0.22,0

0.45,0.22,0

0.58,0.26,0

0.37,0.22,0

0.06329113,0.5172413,0

0.0886076,0.6206896,0

0.5822785,0.24137926,0

0.72151893,0.3793103,0

0.3544304,0.46551722,0

0.16455695,0.25862068,0

0.3417721,0.20689654,0

0.1392405,0.6551724,0

0.037974685,0.32758617,0

0.16455695,0.3793103,0

0.10126582,0.2931034,0

0.27848104,0.77586204,0

0.0886076,0.31034482,0

0.1392405,0.53448266,0

0.20253164,0.6034482,0

0.02531646,0.4310344,0

0.05063291,0.17241377,0

0.22784808,0.86206883,0

0.27848104,0.7586207,0

0.4556962,0.53448266,0

0.20253164,1.0,0

0.25316456,0.87931025,0

0.12658228,0.15517241,0

0.49367085,0.7931034,0

0.25316456,0.7931034,0

0.16455695,0.34482753,0

0.443038,0.2931034,0

0.18987343,0.6206896,0

0.02531646,0.6551724,0

0.1392405,0.17241377,0

0.556962,0.25862068,0

0.30379745,0.34482753,0

0.0,0.44827586,0

0.012658235,0.10344827,0

0.0886076,0.32758617,0

0.20253164,0.34482753,0

0.6708861,0.55172414,0

0.18987343,0.31034482,0

0.40506327,0.6034482,0

0.40506327,0.6034482,0

0.5316456,0.34482753,0

0.62025315,0.39655167,0

0.443038,0.67241377,0

0.10126582,0.18965513,0

0.27848104,0.3793103,0

0.48101264,0.13793105,0

0.15189874,0.20689654,0

0.21518987,0.36206895,0

0.3544304,0.7068965,0

0.25316456,0.86206883,0

0.24,0.36,0

0.4,0.47,0

0.24,0.47,0

0.18,0.42,0

0.16,0.65,0

0.46,0.45,0

0.19,0.3,0

0.16,0.45,0

0.41,0.59,0

0.22,0.35,0

0.28,0.64,0

0.43,0.67,0

0.31,0.54,0

0.16,0.4,0

0.05,0.53,0

0.15,0.5,0

0.25,0.6,0

0.16,0.35,0

0.26,0.39,0

0.15,0.29,0

0.16,0.39,0

0.19,0.64,0

0.16,0.43,0

0.14,0.59,0

0.34,0.26,0

0.12,0.58,0

0.34,0.41,0

0.16,0.36,0

0.1,0.42,0

0.16,0.49,0

0.21,0.4,0

0.2,0.54,0

0.18,0.57,0

0.2,0.42,0

0.4,0.39,0

0.23,0.31,0

0.23,0.66,0

0.45,0.38,0

0.33,0.31,0

0.21,0.38,0

0.18,0.24,0

0.18,0.54,0

0.23,0.48,0

0.15,0.32,0

0.28,0.59,0

0.27,0.75,0

0.21,0.44,0

0.58,0.63,0

0.49,0.58,0

0.3,0.72,0

0.06329113,0.578125,0

0.0886076,0.59375,0

0.5822785,0.3125,0

0.72151893,0.46875003,0

0.3544304,0.40625,0

0.16455695,0.23437499,0

0.3417721,0.28125,0

0.1392405,0.484375,0

0.037974685,0.23437499,0

0.16455695,0.15625001,0

0.10126582,0.25000003,0

0.27848104,0.609375,0

0.0886076,0.45312494,0

0.1392405,0.328125,0

0.20253164,0.671875,0

0.02531646,0.46875003,0

0.05063291,0.578125,0

0.22784808,0.78125,0

0.27848104,0.578125,0

0.4556962,0.45312494,0

0.20253164,0.6875,0

0.25316456,0.515625,0

0.12658228,0.18750003,0

0.49367085,0.796875,0

0.25316456,0.515625,0

0.16455695,0.23437499,0

0.443038,0.34375003,0

0.18987343,0.54687494,0

0.02531646,0.59375,0

0.1392405,0.390625,0

0.556962,0.171875,0

0.30379745,0.29687503,0

0.0,0.375,0

0.012658235,0.34375003,0

0.0886076,0.23437499,0

0.20253164,0.28125,0

0.6708861,0.40625,0

0.18987343,0.390625,0

0.40506327,0.45312494,0

0.40506327,0.515625,0

0.5316456,0.328125,0

0.62025315,0.46875003,0

0.443038,0.59375,0

0.10126582,0.3125,0

0.27848104,0.43749997,0

0.48101264,0.34375003,0

0.15189874,0.328125,0

0.21518987,0.578125,0

0.3544304,0.71875,0

0.25316456,0.796875,0

0.24,0.58,0

0.4,0.52,0

0.24,0.39,0

0.18,0.35,0

0.16,0.65,0

0.46,0.41,0

0.19,0.32,0

0.16,0.51,0

0.41,0.67,0

0.22,0.52,0

0.28,0.62,0

0.43,0.62,0

0.31,0.55,0

0.16,0.38,0

0.05,0.51,0

0.15,0.64,0

0.25,0.5,0

0.16,0.58,0

0.26,0.58,0

0.15,0.32,0

0.16,0.47,0

0.19,0.6,0

0.16,0.57,0

0.14,0.48,0

0.34,0.36,0

0.12,0.5,0

0.34,0.39,0

0.16,0.68,0

0.1,0.43,0

0.16,0.47,0

0.21,0.42,0

0.2,0.49,0

0.18,0.51,0

0.2,0.42,0

0.4,0.42,0

0.23,0.44,0

0.23,0.45,0

0.45,0.68,0

0.33,0.31,0

0.21,0.37,0

0.18,0.34,0

0.18,0.38,0

0.23,0.64,0

0.15,0.57,0

0.28,0.5,0

0.27,0.7,0

0.21,0.42,0

0.58,0.56,0

0.49,0.58,0

0.3,0.61,0

0.06329113,0.5777777,0

0.0886076,0.62222224,0

0.5822785,0.5999999,0

0.72151893,0.5999999,0

0.3544304,1.0,0

0.16455695,0.73333335,0

0.3417721,0.79999995,0

0.1392405,0.53333324,0

0.037974685,0.6444444,0

0.16455695,0.75555557,0

0.10126582,0.6444444,0

0.27848104,0.4666666,0

0.0886076,0.68888885,0

0.1392405,0.711111,0

0.20253164,0.79999995,0

0.02531646,0.48888886,0

0.05063291,0.8888889,0

0.22784808,0.4666666,0

0.27848104,0.53333324,0

0.4556962,0.48888886,0

0.20253164,0.39999995,0

0.25316456,0.44444442,0

0.12658228,0.77777773,0

0.49367085,0.8222222,0

0.25316456,0.6666666,0

0.16455695,0.6666666,0

0.443038,0.75555557,0

0.18987343,0.77777773,0

0.02531646,0.62222224,0

0.1392405,0.711111,0

0.556962,0.68888885,0

0.30379745,0.6666666,0

0.0,0.5111111,0

0.012658235,0.79999995,0

0.0886076,0.84444433,0

0.20253164,0.68888885,0

0.6708861,0.5111111,0

0.18987343,0.8222222,0

0.40506327,0.73333335,0

0.40506327,0.84444433,0

0.5316456,0.75555557,0

0.62025315,0.8666667,0

0.443038,0.4222222,0

0.10126582,0.3111111,0

0.27848104,0.84444433,0

0.48101264,0.91111106,0

0.15189874,0.77777773,0

0.21518987,0.62222224,0

0.3544304,0.68888885,0

0.25316456,0.4222222,0

0.24,0.35,0

0.4,0.5,0

0.24,0.55,0

0.18,0.54,0

0.16,0.52,0

0.46,0.5,0

0.19,0.57,0

0.16,0.5,0

0.41,0.56,0

0.22,0.48,0

0.28,0.29,0

0.43,0.54,0

0.31,0.34,0

0.16,0.53,0

0.05,0.55,0

0.15,0.57,0

0.25,0.57,0

0.16,0.54,0

0.26,0.5,0

0.15,0.58,0

0.16,0.56,0

0.19,0.57,0

0.16,0.53,0

0.14,0.5,0

0.34,0.47,0

0.12,0.5,0

0.34,0.44,0

0.16,0.46,0

0.1,0.56,0

0.16,0.53,0

0.21,0.71,0

0.2,0.49,0

0.18,0.53,0

0.2,0.42,0

0.4,0.38,0

0.23,0.53,0

0.23,0.5,0

0.45,0.44,0

0.33,0.56,0

0.21,0.56,0

0.18,0.69,0

0.18,0.52,0

0.23,0.61,0

0.15,0.5,0

0.28,0.52,0

0.27,0.38,0

0.21,0.6,0

0.58,0.45,0

0.49,0.58,0

0.3,0.37,0

0.06329113,0.5,0

0.0886076,0.5,0

0.5822785,0.5,0

0.72151893,0.5,0

0.3544304,0.5,0

0.16455695,0.5,0

0.3417721,0.5,0

0.1392405,0.5,0

0.037974685,0.5,0

0.16455695,0.5,0

0.10126582,0.5,0

0.27848104,0.5,0

0.0886076,0.5,0

0.1392405,0.5,0

0.20253164,0.5,0

0.02531646,0.5,0

0.05063291,0.5,0

0.22784808,0.5,0

0.27848104,0.5,0

0.4556962,0.5,0

0.20253164,0.5,0

0.25316456,0.5,0

0.12658228,0.5,0

0.49367085,0.5,0

0.25316456,0.5,0

0.16455695,0.5,0

0.443038,0.5,0

0.18987343,0.5,0

0.02531646,0.5,0

0.1392405,0.5,0

0.556962,0.5,0

0.30379745,0.5,0

0.0,0.5,0

0.012658235,0.5,0

0.0886076,0.5,0

0.20253164,0.5,0

0.6708861,0.5,0

0.18987343,0.5,0

0.40506327,0.5,0

0.40506327,0.5,0

0.5316456,0.5,0

0.62025315,0.5,0

0.443038,0.5,0

0.10126582,0.5,0

0.27848104,0.5,0

0.48101264,0.5,0

0.15189874,0.5,0

0.21518987,0.5,0

0.3544304,0.5,0

0.25316456,0.5,0

0.24,0.5,0

0.4,0.5,0

0.24,0.5,0

0.18,0.5,0

0.16,0.5,0

0.46,0.5,0

0.19,0.5,0

0.16,0.5,0

0.41,0.5,0

0.22,0.5,0

0.28,0.5,0

0.43,0.5,0

0.31,0.5,0

0.16,0.5,0

0.05,0.5,0

0.15,0.5,0

0.25,0.5,0

0.16,0.5,0

0.26,0.5,0

0.15,0.5,0

0.16,0.5,0

0.19,0.5,0

0.16,0.5,0

0.14,0.5,0

0.34,0.5,0

0.12,0.5,0

0.34,0.5,0

0.16,0.5,0

0.1,0.5,0

0.16,0.5,0

0.21,0.5,0

0.2,0.5,0

0.18,0.5,0

0.2,0.5,0

0.4,0.5,0

0.23,0.5,0

0.23,0.5,0

0.45,0.5,0

0.33,0.5,0

0.21,0.5,0

0.18,0.5,0

0.18,0.5,0

0.23,0.5,0

0.15,0.5,0

0.28,0.5,0

0.27,0.5,0

0.21,0.5,0

0.58,0.5,0

0.49,0.5,0

0.3,0.5,0

0.06329113,0.0,0

0.0886076,0.0,0

0.5822785,0.0,0

0.72151893,0.0,0

0.3544304,0.0,0

0.16455695,0.0,0

0.3417721,0.0,0

0.1392405,0.0,0

0.037974685,0.0,0

0.16455695,0.0,0

0.10126582,0.0,0

0.27848104,0.0,0

0.0886076,0.0,0

0.1392405,0.0,0

0.20253164,0.0,0

0.02531646,0.0,0

0.05063291,0.0,0

0.22784808,0.0,0

0.27848104,0.0,0

0.4556962,0.0,0

0.20253164,0.0,0

0.25316456,0.0,0

0.12658228,0.0,0

0.49367085,0.0,0

0.25316456,0.0,0

0.16455695,0.0,0

0.443038,0.0,0

0.18987343,0.0,0

0.02531646,0.0,0

0.1392405,0.0,0

0.556962,0.0,0

0.30379745,0.0,0

0.0,0.0,0

0.012658235,0.0,0

0.0886076,0.0,0

0.20253164,0.0,0

0.6708861,0.0,0

0.18987343,0.0,0

0.40506327,0.0,0

0.40506327,0.0,0

0.5316456,0.0,0

0.62025315,0.0,0

0.443038,1.0,0

0.10126582,0.0,0

0.27848104,0.0,0

0.48101264,0.0,0

0.15189874,0.0,0

0.21518987,0.0,0

0.3544304,0.0,0

0.25316456,0.0,0

0.24,0.0,0

0.4,0.0,0

0.24,0.0,0

0.18,0.0,0

0.16,0.0,0

0.46,0.5,0

0.19,0.0,0

0.16,0.0,0

0.41,0.0,0

0.22,0.0,0

0.28,0.0,0

0.43,0.0,0

0.31,0.0,0

0.16,0.0,0

0.05,0.0,0

0.15,0.0,0

0.25,0.0,0

0.16,0.0,0

0.26,0.0,0

0.15,0.0,0

0.16,0.0,0

0.19,0.0,0

0.16,0.0,0

0.14,0.0,0

0.34,0.0,0

0.12,0.0,0

0.34,0.0,0

0.16,0.0,0

0.1,0.0,0

0.16,0.0,0

0.21,0.0,0

0.2,0.0,0

0.18,0.0,0

0.2,0.0,0

0.4,0.0,0

0.23,0.0,0

0.23,0.0,0

0.45,0.0,0

0.33,0.0,0

0.21,0.0,0

0.18,0.0,0

0.18,0.0,0

0.23,0.0,0

0.15,0.0,0

0.28,0.0,0

0.27,0.0,0

0.21,0.0,0

0.58,0.0,0

0.49,0.0,0

0.3,0.0,0

0.06329113,0.5,0

0.0886076,0.7272727,0

0.5822785,0.5,0

0.72151893,0.7272727,0

0.3544304,0.5454546,0

0.16455695,0.7272727,0

0.3417721,0.7272727,0

0.1392405,0.409091,0

0.037974685,0.5454546,0

0.16455695,0.5454546,0

0.10126582,0.5909091,0

0.27848104,0.5454546,0

0.0886076,0.9545455,0

0.1392405,1.0,0

0.20253164,0.5454546,0

0.02531646,0.909091,0

0.05063291,0.7272727,0

0.22784808,0.2727273,0

0.27848104,0.77272743,0

0.4556962,0.5909091,0

0.20253164,0.77272743,0

0.25316456,1.0,0

0.12658228,0.5,0

0.49367085,0.13636366,0

0.25316456,0.9545455,0

0.16455695,0.6818182,0

0.443038,0.818182,0

0.18987343,0.409091,0

0.02531646,0.5454546,0

0.1392405,0.5909091,0

0.556962,0.77272743,0

0.30379745,0.6818182,0

0.0,0.6818182,0

0.012658235,0.818182,0

0.0886076,0.909091,0

0.20253164,0.8636365,0

0.6708861,0.4545455,0

0.18987343,0.31818184,0

0.40506327,0.5909091,0

0.40506327,0.04545451,0

0.5316456,0.7272727,0

0.62025315,0.9545455,0

0.443038,0.5909091,0

0.10126582,0.818182,0

0.27848104,0.6363637,0

0.48101264,0.6363637,0

0.15189874,0.36363634,0

0.21518987,0.5909091,0

0.3544304,0.409091,0

0.25316456,0.7272727,0

0.24,0.44,0

0.4,0.41,0

0.24,0.47,0

0.18,0.56,0

0.16,0.6,0

0.46,0.5,0

0.19,0.48,0

0.16,0.52,0

0.41,0.47,0

0.22,0.26,0

0.28,0.51,0

0.43,0.53,0

0.31,0.54,0

0.16,0.52,0

0.05,0.45,0

0.15,0.47,0

0.25,0.41,0

0.16,0.51,0

0.26,0.54,0

0.15,0.5,0

0.16,0.47,0

0.19,0.43,0

0.16,0.54,0

0.14,0.45,0

0.34,0.53,0

0.12,0.48,0

0.34,0.48,0

0.16,0.53,0

0.1,0.49,0

0.16,0.48,0

0.21,0.54,0

0.2,0.52,0

0.18,0.56,0

0.2,0.49,0

0.4,0.49,0

0.23,0.51,0

0.23,0.49,0

0.45,0.53,0

0.33,0.52,0

0.21,0.49,0

0.18,0.52,0

0.18,0.48,0

0.23,0.6,0

0.15,0.53,0

0.28,0.55,0

0.27,0.49,0

0.21,0.57,0

0.58,0.51,0

0.49,0.49,0

0.3,0.57,0

0.06329113,0.0,0

0.0886076,0.0,0

0.5822785,0.0,0

0.72151893,0.0,0

0.3544304,0.0,0

0.16455695,0.11363638,0

0.3417721,0.06818182,0

0.1392405,0.0,0

0.037974685,0.4090909,0

0.16455695,0.0,0

0.10126582,0.0,0

0.27848104,0.0,0

0.0886076,0.0,0

0.1392405,0.11363638,0

0.20253164,0.0,0

0.02531646,0.2272727,0

0.05063291,0.56818175,0

0.22784808,0.0,0

0.27848104,0.06818182,0

0.4556962,0.0,0

0.20253164,0.0,0

0.25316456,0.0,0

0.12658228,0.090909064,0

0.49367085,0.2954545,0

0.25316456,0.0,0

0.16455695,0.13636364,0

0.443038,0.36363634,0

0.18987343,0.0,0

0.02531646,0.0,0

0.1392405,0.0,0

0.556962,0.0,0

0.30379745,0.47727272,0

0.0,0.11363638,0

0.012658235,0.0,0

0.0886076,0.0,0

0.20253164,0.0,0

0.6708861,0.0,0

0.18987343,0.0,0

0.40506327,0.0,0

0.40506327,0.0,0

0.5316456,0.0,0

0.62025315,0.0,0

0.443038,0.0,0

0.10126582,0.0,0

0.27848104,0.2954545,0

0.48101264,0.25000003,0

0.15189874,0.0,0

0.21518987,0.13636364,0

0.3544304,0.0,0

0.25316456,0.0,0

0.24,0.22,0

0.4,0.22,0

0.24,0.22,0

0.18,0.22,0

0.16,0.22,0

0.46,0.27,0

0.19,0.55,0

0.16,1.0,0

0.41,0.22,0

0.22,0.22,0

0.28,0.22,0

0.43,0.22,0

0.31,0.22,0

0.16,0.27,0

0.05,0.25,0

0.15,0.22,0

0.25,0.26,0

0.16,0.22,0

0.26,0.59,0

0.15,0.3,0

0.16,0.22,0

0.19,0.22,0

0.16,0.22,0

0.14,0.25,0

0.34,0.72,0

0.12,0.25,0

0.34,0.4,0

0.16,0.28,0

0.1,0.22,0

0.16,0.27,0

0.21,0.32,0

0.2,0.22,0

0.18,0.25,0

0.2,0.22,0

0.4,0.47,0

0.23,0.32,0

0.23,0.22,0

0.45,0.22,0

0.33,0.33,0

0.21,0.22,0

0.18,0.22,0

0.18,0.22,0

0.23,0.22,0

0.15,0.22,0

0.28,0.25,0

0.27,0.22,0

0.21,0.22,0

0.58,0.22,0

0.49,0.26,0

0.3,0.22,0

0.5,0.5172413,0

0.5,0.6206896,0

0.5,0.24137926,0

0.5,0.3793103,0

0.5,0.46551722,0

0.5,0.25862068,0

0.5,0.20689654,0

0.5,0.6551724,0

0.5,0.32758617,0

0.5,0.3793103,0

0.5,0.2931034,0

0.5,0.77586204,0

0.5,0.31034482,0

0.5,0.53448266,0

0.5,0.6034482,0

0.5,0.4310344,0

0.5,0.17241377,0

0.5,0.86206883,0

0.5,0.7586207,0

0.5,0.53448266,0

0.5,1.0,0

0.5,0.87931025,0

0.5,0.15517241,0

0.5,0.7931034,0

0.5,0.7931034,0

0.5,0.34482753,0

0.5,0.2931034,0

0.5,0.6206896,0

0.5,0.6551724,0

0.5,0.17241377,0

0.5,0.25862068,0

0.5,0.34482753,0

0.5,0.44827586,0

0.5,0.10344827,0

0.5,0.32758617,0

0.5,0.34482753,0

0.5,0.55172414,0

0.5,0.31034482,0

0.5,0.6034482,0

0.5,0.6034482,0

0.5,0.34482753,0

0.5,0.39655167,0

0.5,0.67241377,0

0.5,0.18965513,0

0.5,0.3793103,0

0.5,0.13793105,0

0.5,0.20689654,0

0.5,0.36206895,0

0.5,0.7068965,0

0.5,0.86206883,0

0.5,0.36,0

0.5,0.47,0

0.5,0.47,0

0.5,0.42,0

0.5,0.65,0

0.5,0.45,0

0.5,0.3,0

0.5,0.45,0

0.5,0.59,0

0.5,0.35,0

0.5,0.64,0

0.5,0.67,0

0.5,0.54,0

0.5,0.4,0

0.5,0.53,0

0.5,0.5,0

0.5,0.6,0

0.5,0.35,0

0.5,0.39,0

0.5,0.29,0

0.5,0.39,0

0.5,0.64,0

0.5,0.43,0

0.5,0.59,0

0.5,0.26,0

0.5,0.58,0

0.5,0.41,0

0.5,0.36,0

0.5,0.42,0

0.5,0.49,0

0.5,0.4,0

0.5,0.54,0

0.5,0.57,0

0.5,0.42,0

0.5,0.39,0

0.5,0.31,0

0.5,0.66,0

0.5,0.38,0

0.5,0.31,0

0.5,0.38,0

0.5,0.24,0

0.5,0.54,0

0.5,0.48,0

0.5,0.32,0

0.5,0.59,0

0.5,0.75,0

0.5,0.44,0

0.5,0.63,0

0.5,0.58,0

0.5,0.72,0

0.5,0.578125,0

0.5,0.59375,0

0.5,0.3125,0

0.5,0.46875003,0

0.5,0.40625,0

0.5,0.23437499,0

0.5,0.28125,0

0.5,0.484375,0

0.5,0.23437499,0

0.5,0.15625001,0

0.5,0.25000003,0

0.5,0.609375,0

0.5,0.45312494,0

0.5,0.328125,0

0.5,0.671875,0

0.5,0.46875003,0

0.5,0.578125,0

0.5,0.78125,0

0.5,0.578125,0

0.5,0.45312494,0

0.5,0.6875,0

0.5,0.515625,0

0.5,0.18750003,0

0.5,0.796875,0

0.5,0.515625,0

0.5,0.23437499,0

0.5,0.34375003,0

0.5,0.54687494,0

0.5,0.59375,0

0.5,0.390625,0

0.5,0.171875,0

0.5,0.29687503,0

0.5,0.375,0

0.5,0.34375003,0

0.5,0.23437499,0

0.5,0.28125,0

0.5,0.40625,0

0.5,0.390625,0

0.5,0.45312494,0

0.5,0.515625,0

0.5,0.328125,0

0.5,0.46875003,0

0.5,0.59375,0

0.5,0.3125,0

0.5,0.43749997,0

0.5,0.34375003,0

0.5,0.328125,0

0.5,0.578125,0

0.5,0.71875,0

0.5,0.796875,0

0.5,0.58,0

0.5,0.52,0

0.5,0.39,0

0.5,0.35,0

0.5,0.65,0

0.5,0.41,0

0.5,0.32,0

0.5,0.51,0

0.5,0.67,0

0.5,0.52,0

0.5,0.62,0

0.5,0.62,0

0.5,0.55,0

0.5,0.38,0

0.5,0.51,0

0.5,0.64,0

0.5,0.5,0

0.5,0.58,0

0.5,0.58,0

0.5,0.32,0

0.5,0.47,0

0.5,0.6,0

0.5,0.57,0

0.5,0.48,0

0.5,0.36,0

0.5,0.5,0

0.5,0.39,0

0.5,0.68,0

0.5,0.43,0

0.5,0.47,0

0.5,0.42,0

0.5,0.49,0

0.5,0.51,0

0.5,0.42,0

0.5,0.42,0

0.5,0.44,0

0.5,0.45,0

0.5,0.68,0

0.5,0.31,0

0.5,0.37,0

0.5,0.34,0

0.5,0.38,0

0.5,0.64,0

0.5,0.57,0

0.5,0.5,0

0.5,0.7,0

0.5,0.42,0

0.5,0.56,0

0.5,0.58,0

0.5,0.61,0

0.5,0.5777777,0

0.5,0.62222224,0

0.5,0.5999999,0

0.5,0.5999999,0

0.5,1.0,0

0.5,0.73333335,0

0.5,0.79999995,0

0.5,0.53333324,0

0.5,0.6444444,0

0.5,0.75555557,0

0.5,0.6444444,0

0.5,0.4666666,0

0.5,0.68888885,0

0.5,0.711111,0

0.5,0.79999995,0

0.5,0.48888886,0

0.5,0.8888889,0

0.5,0.4666666,0

0.5,0.53333324,0

0.5,0.48888886,0

0.5,0.39999995,0

0.5,0.44444442,0

0.5,0.77777773,0

0.5,0.8222222,0

0.5,0.6666666,0

0.5,0.6666666,0

0.5,0.75555557,0

0.5,0.77777773,0

0.5,0.62222224,0

0.5,0.711111,0

0.5,0.68888885,0

0.5,0.6666666,0

0.5,0.5111111,0

0.5,0.79999995,0

0.5,0.84444433,0

0.5,0.68888885,0

0.5,0.5111111,0

0.5,0.8222222,0

0.5,0.73333335,0

0.5,0.84444433,0

0.5,0.75555557,0

0.5,0.8666667,0

0.5,0.4222222,0

0.5,0.3111111,0

0.5,0.84444433,0

0.5,0.91111106,0

0.5,0.77777773,0

0.5,0.62222224,0

0.5,0.68888885,0

0.5,0.4222222,0

0.5,0.35,0

0.5,0.5,0

0.5,0.55,0

0.5,0.54,0

0.5,0.52,0

0.5,0.5,0

0.5,0.57,0

0.5,0.5,0

0.5,0.56,0

0.5,0.48,0

0.5,0.29,0

0.5,0.54,0

0.5,0.34,0

0.5,0.53,0

0.5,0.55,0

0.5,0.57,0

0.5,0.57,0

0.5,0.54,0

0.5,0.5,0

0.5,0.58,0

0.5,0.56,0

0.5,0.57,0

0.5,0.53,0

0.5,0.5,0

0.5,0.47,0

0.5,0.5,0

0.5,0.44,0

0.5,0.46,0

0.5,0.56,0

0.5,0.53,0

0.5,0.71,0

0.5,0.49,0

0.5,0.53,0

0.5,0.42,0

0.5,0.38,0

0.5,0.53,0

0.5,0.5,0

0.5,0.44,0

0.5,0.56,0

0.5,0.56,0

0.5,0.69,0

0.5,0.52,0

0.5,0.61,0

0.5,0.5,0

0.5,0.52,0

0.5,0.38,0

0.5,0.6,0

0.5,0.45,0

0.5,0.58,0

0.5,0.37,0

0.5,0.06329113,0

0.5,0.0886076,0

0.5,0.5822785,0

0.5,0.72151893,0

0.5,0.3544304,0

0.5,0.16455695,0

0.5,0.3417721,0

0.5,0.1392405,0

0.5,0.037974685,0

0.5,0.16455695,0

0.5,0.10126582,0

0.5,0.27848104,0

0.5,0.0886076,0

0.5,0.1392405,0

0.5,0.20253164,0

0.5,0.02531646,0

0.5,0.05063291,0

0.5,0.22784808,0

0.5,0.27848104,0

0.5,0.4556962,0

0.5,0.20253164,0

0.5,0.25316456,0

0.5,0.12658228,0

0.5,0.49367085,0

0.5,0.25316456,0

0.5,0.16455695,0

0.5,0.443038,0

0.5,0.18987343,0

0.5,0.02531646,0

0.5,0.1392405,0

0.5,0.556962,0

0.5,0.30379745,0

0.5,0.0,0

0.5,0.012658235,0

0.5,0.0886076,0

0.5,0.20253164,0

0.5,0.6708861,0

0.5,0.18987343,0

0.5,0.40506327,0

0.5,0.40506327,0

0.5,0.5316456,0

0.5,0.62025315,0

0.5,0.443038,0

0.5,0.10126582,0

0.5,0.27848104,0

0.5,0.48101264,0

0.5,0.15189874,0

0.5,0.21518987,0

0.5,0.3544304,0

0.5,0.25316456,0

0.5,0.24,0

0.5,0.4,0

0.5,0.24,0

0.5,0.18,0

0.5,0.16,0

0.5,0.46,0

0.5,0.19,0

0.5,0.16,0

0.5,0.41,0

0.5,0.22,0

0.5,0.28,0

0.5,0.43,0

0.5,0.31,0

0.5,0.16,0

0.5,0.05,0

0.5,0.15,0

0.5,0.25,0

0.5,0.16,0

0.5,0.26,0

0.5,0.15,0

0.5,0.16,0

0.5,0.19,0

0.5,0.16,0

0.5,0.14,0

0.5,0.34,0

0.5,0.12,0

0.5,0.34,0

0.5,0.16,0

0.5,0.1,0

0.5,0.16,0

0.5,0.21,0

0.5,0.2,0

0.5,0.18,0

0.5,0.2,0

0.5,0.4,0

0.5,0.23,0

0.5,0.23,0

0.5,0.45,0

0.5,0.33,0

0.5,0.21,0

0.5,0.18,0

0.5,0.18,0

0.5,0.23,0

0.5,0.15,0

0.5,0.28,0

0.5,0.27,0

0.5,0.21,0

0.5,0.58,0

0.5,0.49,0

0.5,0.3,0

0.5,0.0,0

0.5,0.0,0

0.5,0.0,0

0.5,0.0,0

0.5,0.0,0

0.5,0.0,0

0.5,0.0,0

0.5,0.0,0

0.5,0.0,0

0.5,0.0,0

0.5,0.0,0

0.5,0.0,0

0.5,0.0,0

0.5,0.0,0

0.5,0.0,0

0.5,0.0,0

0.5,0.0,0

0.5,0.0,0

0.5,0.0,0

0.5,0.0,0

0.5,0.0,0

0.5,0.0,0

0.5,0.0,0

0.5,0.0,0

0.5,0.0,0

0.5,0.0,0

0.5,0.0,0

0.5,0.0,0

0.5,0.0,0

0.5,0.0,0

0.5,0.0,0

0.5,0.0,0

0.5,0.0,0

0.5,0.0,0

0.5,0.0,0

0.5,0.0,0

0.5,0.0,0

0.5,0.0,0

0.5,0.0,0

0.5,0.0,0

0.5,0.0,0

0.5,0.0,0

0.5,1.0,0

0.5,0.0,0

0.5,0.0,0

0.5,0.0,0

0.5,0.0,0

0.5,0.0,0

0.5,0.0,0

0.5,0.0,0

0.5,0.0,0

0.5,0.0,0

0.5,0.0,0

0.5,0.0,0

0.5,0.0,0

0.5,0.5,0

0.5,0.0,0

0.5,0.0,0

0.5,0.0,0

0.5,0.0,0

0.5,0.0,0

0.5,0.0,0

0.5,0.0,0

0.5,0.0,0

0.5,0.0,0

0.5,0.0,0

0.5,0.0,0

0.5,0.0,0

0.5,0.0,0

0.5,0.0,0

0.5,0.0,0

0.5,0.0,0

0.5,0.0,0

0.5,0.0,0

0.5,0.0,0

0.5,0.0,0

0.5,0.0,0

0.5,0.0,0

0.5,0.0,0

0.5,0.0,0

0.5,0.0,0

0.5,0.0,0

0.5,0.0,0

0.5,0.0,0

0.5,0.0,0

0.5,0.0,0

0.5,0.0,0

0.5,0.0,0

0.5,0.0,0

0.5,0.0,0

0.5,0.0,0

0.5,0.0,0

0.5,0.0,0

0.5,0.0,0

0.5,0.0,0

0.5,0.0,0

0.5,0.0,0

0.5,0.0,0

0.5,0.0,0

0.5,0.0,0

0.5,0.5,0

0.5,0.7272727,0

0.5,0.5,0

0.5,0.7272727,0

0.5,0.5454546,0

0.5,0.7272727,0

0.5,0.7272727,0

0.5,0.409091,0

0.5,0.5454546,0

0.5,0.5454546,0

0.5,0.5909091,0

0.5,0.5454546,0

0.5,0.9545455,0

0.5,1.0,0

0.5,0.5454546,0

0.5,0.909091,0

0.5,0.7272727,0

0.5,0.2727273,0

0.5,0.77272743,0

0.5,0.5909091,0

0.5,0.77272743,0

0.5,1.0,0

0.5,0.5,0

0.5,0.13636366,0

0.5,0.9545455,0

0.5,0.6818182,0

0.5,0.818182,0

0.5,0.409091,0

0.5,0.5454546,0

0.5,0.5909091,0

0.5,0.77272743,0

0.5,0.6818182,0

0.5,0.6818182,0

0.5,0.818182,0

0.5,0.909091,0

0.5,0.8636365,0

0.5,0.4545455,0

0.5,0.31818184,0

0.5,0.5909091,0

0.5,0.04545451,0

0.5,0.7272727,0

0.5,0.9545455,0

0.5,0.5909091,0

0.5,0.818182,0

0.5,0.6363637,0

0.5,0.6363637,0

0.5,0.36363634,0

0.5,0.5909091,0

0.5,0.409091,0

0.5,0.7272727,0

0.5,0.44,0

0.5,0.41,0

0.5,0.47,0

0.5,0.56,0

0.5,0.6,0

0.5,0.5,0

0.5,0.48,0

0.5,0.52,0

0.5,0.47,0

0.5,0.26,0

0.5,0.51,0

0.5,0.53,0

0.5,0.54,0

0.5,0.52,0

0.5,0.45,0

0.5,0.47,0

0.5,0.41,0

0.5,0.51,0

0.5,0.54,0

0.5,0.5,0

0.5,0.47,0

0.5,0.43,0

0.5,0.54,0

0.5,0.45,0

0.5,0.53,0

0.5,0.48,0

0.5,0.48,0

0.5,0.53,0

0.5,0.49,0

0.5,0.48,0

0.5,0.54,0

0.5,0.52,0

0.5,0.56,0

0.5,0.49,0

0.5,0.49,0

0.5,0.51,0

0.5,0.49,0

0.5,0.53,0

0.5,0.52,0

0.5,0.49,0

0.5,0.52,0

0.5,0.48,0

0.5,0.6,0

0.5,0.53,0

0.5,0.55,0

0.5,0.49,0

0.5,0.57,0

0.5,0.51,0

0.5,0.49,0

0.5,0.57,0

0.5,0.0,0

0.5,0.0,0

0.5,0.0,0

0.5,0.0,0

0.5,0.0,0

0.5,0.11363638,0

0.5,0.06818182,0

0.5,0.0,0

0.5,0.4090909,0

0.5,0.0,0

0.5,0.0,0

0.5,0.0,0

0.5,0.0,0

0.5,0.11363638,0

0.5,0.0,0

0.5,0.2272727,0

0.5,0.56818175,0

0.5,0.0,0

0.5,0.06818182,0

0.5,0.0,0

0.5,0.0,0

0.5,0.0,0

0.5,0.090909064,0

0.5,0.2954545,0

0.5,0.0,0

0.5,0.13636364,0

0.5,0.36363634,0

0.5,0.0,0

0.5,0.0,0

0.5,0.0,0

0.5,0.0,0

0.5,0.47727272,0

0.5,0.11363638,0

0.5,0.0,0

0.5,0.0,0

0.5,0.0,0

0.5,0.0,0

0.5,0.0,0

0.5,0.0,0

0.5,0.0,0

0.5,0.0,0

0.5,0.0,0

0.5,0.0,0

0.5,0.0,0

0.5,0.2954545,0

0.5,0.25000003,0

0.5,0.0,0

0.5,0.13636364,0

0.5,0.0,0

0.5,0.0,0

0.5,0.22,0

0.5,0.22,0

0.5,0.22,0

0.5,0.22,0

0.5,0.22,0

0.5,0.27,0

0.5,0.55,0

0.5,1.0,0

0.5,0.22,0

0.5,0.22,0

0.5,0.22,0

0.5,0.22,0

0.5,0.22,0

0.5,0.27,0

0.5,0.25,0

0.5,0.22,0

0.5,0.26,0

0.5,0.22,0

0.5,0.59,0

0.5,0.3,0

0.5,0.22,0

0.5,0.22,0

0.5,0.22,0

0.5,0.25,0

0.5,0.72,0

0.5,0.25,0

0.5,0.4,0

0.5,0.28,0

0.5,0.22,0

0.5,0.27,0

0.5,0.32,0

0.5,0.22,0

0.5,0.25,0

0.5,0.22,0

0.5,0.47,0

0.5,0.32,0

0.5,0.22,0

0.5,0.22,0

0.5,0.33,0

0.5,0.22,0

0.5,0.22,0

0.5,0.22,0

0.5,0.22,0

0.5,0.22,0

0.5,0.25,0

0.5,0.22,0

0.5,0.22,0

0.5,0.22,0

0.5,0.26,0

0.5,0.22,0

0.0,0.5172413,0

0.0,0.6206896,0

0.0,0.24137926,0

0.0,0.3793103,0

0.0,0.46551722,0

0.0,0.25862068,0

0.0,0.20689654,0

0.0,0.6551724,0

0.0,0.32758617,0

0.0,0.3793103,0

0.0,0.2931034,0

0.0,0.77586204,0

0.0,0.31034482,0

0.0,0.53448266,0

0.0,0.6034482,0

0.0,0.4310344,0

0.0,0.17241377,0

0.0,0.86206883,0

0.0,0.7586207,0

0.0,0.53448266,0

0.0,1.0,0

0.0,0.87931025,0

0.0,0.15517241,0

0.0,0.7931034,0

0.0,0.7931034,0

0.0,0.34482753,0

0.0,0.2931034,0

0.0,0.6206896,0

0.0,0.6551724,0

0.0,0.17241377,0

0.0,0.25862068,0

0.0,0.34482753,0

0.0,0.44827586,0

0.0,0.10344827,0

0.0,0.32758617,0

0.0,0.34482753,0

0.0,0.55172414,0

0.0,0.31034482,0

0.0,0.6034482,0

0.0,0.6034482,0

0.0,0.34482753,0

0.0,0.39655167,0

1.0,0.67241377,0

0.0,0.18965513,0

0.0,0.3793103,0

0.0,0.13793105,0

0.0,0.20689654,0

0.0,0.36206895,0

0.0,0.7068965,0

0.0,0.86206883,0

0.0,0.36,0

0.0,0.47,0

0.0,0.47,0

0.0,0.42,0

0.0,0.65,0

0.5,0.45,0

0.0,0.3,0

0.0,0.45,0

0.0,0.59,0

0.0,0.35,0

0.0,0.64,0

0.0,0.67,0

0.0,0.54,0

0.0,0.4,0

0.0,0.53,0

0.0,0.5,0

0.0,0.6,0

0.0,0.35,0

0.0,0.39,0

0.0,0.29,0

0.0,0.39,0

0.0,0.64,0

0.0,0.43,0

0.0,0.59,0

0.0,0.26,0

0.0,0.58,0

0.0,0.41,0

0.0,0.36,0

0.0,0.42,0

0.0,0.49,0

0.0,0.4,0

0.0,0.54,0

0.0,0.57,0

0.0,0.42,0

0.0,0.39,0

0.0,0.31,0

0.0,0.66,0

0.0,0.38,0

0.0,0.31,0

0.0,0.38,0

0.0,0.24,0

0.0,0.54,0

0.0,0.48,0

0.0,0.32,0

0.0,0.59,0

0.0,0.75,0

0.0,0.44,0

0.0,0.63,0

0.0,0.58,0

0.0,0.72,0

0.0,0.578125,0

0.0,0.59375,0

0.0,0.3125,0

0.0,0.46875003,0

0.0,0.40625,0

0.0,0.23437499,0

0.0,0.28125,0

0.0,0.484375,0

0.0,0.23437499,0

0.0,0.15625001,0

0.0,0.25000003,0

0.0,0.609375,0

0.0,0.45312494,0

0.0,0.328125,0

0.0,0.671875,0

0.0,0.46875003,0

0.0,0.578125,0

0.0,0.78125,0

0.0,0.578125,0

0.0,0.45312494,0

0.0,0.6875,0

0.0,0.515625,0

0.0,0.18750003,0

0.0,0.796875,0

0.0,0.515625,0

0.0,0.23437499,0

0.0,0.34375003,0

0.0,0.54687494,0

0.0,0.59375,0

0.0,0.390625,0

0.0,0.171875,0

0.0,0.29687503,0

0.0,0.375,0

0.0,0.34375003,0

0.0,0.23437499,0

0.0,0.28125,0

0.0,0.40625,0

0.0,0.390625,0

0.0,0.45312494,0

0.0,0.515625,0

0.0,0.328125,0

0.0,0.46875003,0

1.0,0.59375,0

0.0,0.3125,0

0.0,0.43749997,0

0.0,0.34375003,0

0.0,0.328125,0

0.0,0.578125,0

0.0,0.71875,0

0.0,0.796875,0

0.0,0.58,0

0.0,0.52,0

0.0,0.39,0

0.0,0.35,0

0.0,0.65,0

0.5,0.41,0

0.0,0.32,0

0.0,0.51,0

0.0,0.67,0

0.0,0.52,0

0.0,0.62,0

0.0,0.62,0

0.0,0.55,0

0.0,0.38,0

0.0,0.51,0

0.0,0.64,0

0.0,0.5,0

0.0,0.58,0

0.0,0.58,0

0.0,0.32,0

0.0,0.47,0

0.0,0.6,0

0.0,0.57,0

0.0,0.48,0

0.0,0.36,0

0.0,0.5,0

0.0,0.39,0

0.0,0.68,0

0.0,0.43,0

0.0,0.47,0

0.0,0.42,0

0.0,0.49,0

0.0,0.51,0

0.0,0.42,0

0.0,0.42,0

0.0,0.44,0

0.0,0.45,0

0.0,0.68,0

0.0,0.31,0

0.0,0.37,0

0.0,0.34,0

0.0,0.38,0

0.0,0.64,0

0.0,0.57,0

0.0,0.5,0

0.0,0.7,0

0.0,0.42,0

0.0,0.56,0

0.0,0.58,0

0.0,0.61,0

0.0,0.5777777,0

0.0,0.62222224,0

0.0,0.5999999,0

0.0,0.5999999,0

0.0,1.0,0

0.0,0.73333335,0

0.0,0.79999995,0

0.0,0.53333324,0

0.0,0.6444444,0

0.0,0.75555557,0

0.0,0.6444444,0

0.0,0.4666666,0

0.0,0.68888885,0

0.0,0.711111,0

0.0,0.79999995,0

0.0,0.48888886,0

0.0,0.8888889,0

0.0,0.4666666,0

0.0,0.53333324,0

0.0,0.48888886,0

0.0,0.39999995,0

0.0,0.44444442,0

0.0,0.77777773,0

0.0,0.8222222,0

0.0,0.6666666,0

0.0,0.6666666,0

0.0,0.75555557,0

0.0,0.77777773,0

0.0,0.62222224,0

0.0,0.711111,0

0.0,0.68888885,0

0.0,0.6666666,0

0.0,0.5111111,0

0.0,0.79999995,0

0.0,0.84444433,0

0.0,0.68888885,0

0.0,0.5111111,0

0.0,0.8222222,0

0.0,0.73333335,0

0.0,0.84444433,0

0.0,0.75555557,0

0.0,0.8666667,0

1.0,0.4222222,0

0.0,0.3111111,0

0.0,0.84444433,0

0.0,0.91111106,0

0.0,0.77777773,0

0.0,0.62222224,0

0.0,0.68888885,0

0.0,0.4222222,0

0.0,0.35,0

0.0,0.5,0

0.0,0.55,0

0.0,0.54,0

0.0,0.52,0

0.5,0.5,0

0.0,0.57,0

0.0,0.5,0

0.0,0.56,0

0.0,0.48,0

0.0,0.29,0

0.0,0.54,0

0.0,0.34,0

0.0,0.53,0

0.0,0.55,0

0.0,0.57,0

0.0,0.57,0

0.0,0.54,0

0.0,0.5,0

0.0,0.58,0

0.0,0.56,0

0.0,0.57,0

0.0,0.53,0

0.0,0.5,0

0.0,0.47,0

0.0,0.5,0

0.0,0.44,0

0.0,0.46,0

0.0,0.56,0

0.0,0.53,0

0.0,0.71,0

0.0,0.49,0

0.0,0.53,0

0.0,0.42,0

0.0,0.38,0

0.0,0.53,0

0.0,0.5,0

0.0,0.44,0

0.0,0.56,0

0.0,0.56,0

0.0,0.69,0

0.0,0.52,0

0.0,0.61,0

0.0,0.5,0

0.0,0.52,0

0.0,0.38,0

0.0,0.6,0

0.0,0.45,0

0.0,0.58,0

0.0,0.37,0

0.0,0.06329113,0

0.0,0.0886076,0

0.0,0.5822785,0

0.0,0.72151893,0

0.0,0.3544304,0

0.0,0.16455695,0

0.0,0.3417721,0

0.0,0.1392405,0

0.0,0.037974685,0

0.0,0.16455695,0

0.0,0.10126582,0

0.0,0.27848104,0

0.0,0.0886076,0

0.0,0.1392405,0

0.0,0.20253164,0

0.0,0.02531646,0

0.0,0.05063291,0

0.0,0.22784808,0

0.0,0.27848104,0

0.0,0.4556962,0

0.0,0.20253164,0

0.0,0.25316456,0

0.0,0.12658228,0

0.0,0.49367085,0

0.0,0.25316456,0

0.0,0.16455695,0

0.0,0.443038,0

0.0,0.18987343,0

0.0,0.02531646,0

0.0,0.1392405,0

0.0,0.556962,0

0.0,0.30379745,0

0.0,0.0,0

0.0,0.012658235,0

0.0,0.0886076,0

0.0,0.20253164,0

0.0,0.6708861,0

0.0,0.18987343,0

0.0,0.40506327,0

0.0,0.40506327,0

0.0,0.5316456,0

0.0,0.62025315,0

1.0,0.443038,0

0.0,0.10126582,0

0.0,0.27848104,0

0.0,0.48101264,0

0.0,0.15189874,0

0.0,0.21518987,0

0.0,0.3544304,0

0.0,0.25316456,0

0.0,0.24,0

0.0,0.4,0

0.0,0.24,0

0.0,0.18,0

0.0,0.16,0

0.5,0.46,0

0.0,0.19,0

0.0,0.16,0

0.0,0.41,0

0.0,0.22,0

0.0,0.28,0

0.0,0.43,0

0.0,0.31,0

0.0,0.16,0

0.0,0.05,0

0.0,0.15,0

0.0,0.25,0

0.0,0.16,0

0.0,0.26,0

0.0,0.15,0

0.0,0.16,0

0.0,0.19,0

0.0,0.16,0

0.0,0.14,0

0.0,0.34,0

0.0,0.12,0

0.0,0.34,0

0.0,0.16,0

0.0,0.1,0

0.0,0.16,0

0.0,0.21,0

0.0,0.2,0

0.0,0.18,0

0.0,0.2,0

0.0,0.4,0

0.0,0.23,0

0.0,0.23,0

0.0,0.45,0

0.0,0.33,0

0.0,0.21,0

0.0,0.18,0

0.0,0.18,0

0.0,0.23,0

0.0,0.15,0

0.0,0.28,0

0.0,0.27,0

0.0,0.21,0

0.0,0.58,0

0.0,0.49,0

0.0,0.3,0

0.0,0.5,0

0.0,0.5,0

0.0,0.5,0

0.0,0.5,0

0.0,0.5,0

0.0,0.5,0

0.0,0.5,0

0.0,0.5,0

0.0,0.5,0

0.0,0.5,0

0.0,0.5,0

0.0,0.5,0

0.0,0.5,0

0.0,0.5,0

0.0,0.5,0

0.0,0.5,0

0.0,0.5,0

0.0,0.5,0

0.0,0.5,0

0.0,0.5,0

0.0,0.5,0

0.0,0.5,0

0.0,0.5,0

0.0,0.5,0

0.0,0.5,0

0.0,0.5,0

0.0,0.5,0

0.0,0.5,0

0.0,0.5,0

0.0,0.5,0

0.0,0.5,0

0.0,0.5,0

0.0,0.5,0

0.0,0.5,0

0.0,0.5,0

0.0,0.5,0

0.0,0.5,0

0.0,0.5,0

0.0,0.5,0

0.0,0.5,0

0.0,0.5,0

0.0,0.5,0

1.0,0.5,0

0.0,0.5,0

0.0,0.5,0

0.0,0.5,0

0.0,0.5,0

0.0,0.5,0

0.0,0.5,0

0.0,0.5,0

0.0,0.5,0

0.0,0.5,0

0.0,0.5,0

0.0,0.5,0

0.0,0.5,0

0.5,0.5,0

0.0,0.5,0

0.0,0.5,0

0.0,0.5,0

0.0,0.5,0

0.0,0.5,0

0.0,0.5,0

0.0,0.5,0

0.0,0.5,0

0.0,0.5,0

0.0,0.5,0

0.0,0.5,0

0.0,0.5,0

0.0,0.5,0

0.0,0.5,0

0.0,0.5,0

0.0,0.5,0

0.0,0.5,0

0.0,0.5,0

0.0,0.5,0

0.0,0.5,0

0.0,0.5,0

0.0,0.5,0

0.0,0.5,0

0.0,0.5,0

0.0,0.5,0

0.0,0.5,0

0.0,0.5,0

0.0,0.5,0

0.0,0.5,0

0.0,0.5,0

0.0,0.5,0

0.0,0.5,0

0.0,0.5,0

0.0,0.5,0

0.0,0.5,0

0.0,0.5,0

0.0,0.5,0

0.0,0.5,0

0.0,0.5,0

0.0,0.5,0

0.0,0.5,0

0.0,0.5,0

0.0,0.5,0

0.0,0.5,0

0.0,0.5,0

0.0,0.7272727,0

0.0,0.5,0

0.0,0.7272727,0

0.0,0.5454546,0

0.0,0.7272727,0

0.0,0.7272727,0

0.0,0.409091,0

0.0,0.5454546,0

0.0,0.5454546,0

0.0,0.5909091,0

0.0,0.5454546,0

0.0,0.9545455,0

0.0,1.0,0

0.0,0.5454546,0

0.0,0.909091,0

0.0,0.7272727,0

0.0,0.2727273,0

0.0,0.77272743,0

0.0,0.5909091,0

0.0,0.77272743,0

0.0,1.0,0

0.0,0.5,0

0.0,0.13636366,0

0.0,0.9545455,0

0.0,0.6818182,0

0.0,0.818182,0

0.0,0.409091,0

0.0,0.5454546,0

0.0,0.5909091,0

0.0,0.77272743,0

0.0,0.6818182,0

0.0,0.6818182,0

0.0,0.818182,0

0.0,0.909091,0

0.0,0.8636365,0

0.0,0.4545455,0

0.0,0.31818184,0

0.0,0.5909091,0

0.0,0.04545451,0

0.0,0.7272727,0

0.0,0.9545455,0

1.0,0.5909091,0

0.0,0.818182,0

0.0,0.6363637,0

0.0,0.6363637,0

0.0,0.36363634,0

0.0,0.5909091,0

0.0,0.409091,0

0.0,0.7272727,0

0.0,0.44,0

0.0,0.41,0

0.0,0.47,0

0.0,0.56,0

0.0,0.6,0

0.5,0.5,0

0.0,0.48,0

0.0,0.52,0

0.0,0.47,0

0.0,0.26,0

0.0,0.51,0

0.0,0.53,0

0.0,0.54,0

0.0,0.52,0

0.0,0.45,0

0.0,0.47,0

0.0,0.41,0

0.0,0.51,0

0.0,0.54,0

0.0,0.5,0

0.0,0.47,0

0.0,0.43,0

0.0,0.54,0

0.0,0.45,0

0.0,0.53,0

0.0,0.48,0

0.0,0.48,0

0.0,0.53,0

0.0,0.49,0

0.0,0.48,0

0.0,0.54,0

0.0,0.52,0

0.0,0.56,0

0.0,0.49,0

0.0,0.49,0

0.0,0.51,0

0.0,0.49,0

0.0,0.53,0

0.0,0.52,0

0.0,0.49,0

0.0,0.52,0

0.0,0.48,0

0.0,0.6,0

0.0,0.53,0

0.0,0.55,0

0.0,0.49,0

0.0,0.57,0

0.0,0.51,0

0.0,0.49,0

0.0,0.57,0

0.0,0.0,0

0.0,0.0,0

0.0,0.0,0

0.0,0.0,0

0.0,0.0,0

0.0,0.11363638,0

0.0,0.06818182,0

0.0,0.0,0

0.0,0.4090909,0

0.0,0.0,0

0.0,0.0,0

0.0,0.0,0

0.0,0.0,0

0.0,0.11363638,0

0.0,0.0,0

0.0,0.2272727,0

0.0,0.56818175,0

0.0,0.0,0

0.0,0.06818182,0

0.0,0.0,0

0.0,0.0,0

0.0,0.0,0

0.0,0.090909064,0

0.0,0.2954545,0

0.0,0.0,0

0.0,0.13636364,0

0.0,0.36363634,0

0.0,0.0,0

0.0,0.0,0

0.0,0.0,0

0.0,0.0,0

0.0,0.47727272,0

0.0,0.11363638,0

0.0,0.0,0

0.0,0.0,0

0.0,0.0,0

0.0,0.0,0

0.0,0.0,0

0.0,0.0,0

0.0,0.0,0

0.0,0.0,0

0.0,0.0,0

1.0,0.0,0

0.0,0.0,0

0.0,0.2954545,0

0.0,0.25000003,0

0.0,0.0,0

0.0,0.13636364,0

0.0,0.0,0

0.0,0.0,0

0.0,0.22,0

0.0,0.22,0

0.0,0.22,0

0.0,0.22,0

0.0,0.22,0

0.5,0.27,0

0.0,0.55,0

0.0,1.0,0

0.0,0.22,0

0.0,0.22,0

0.0,0.22,0

0.0,0.22,0

0.0,0.22,0

0.0,0.27,0

0.0,0.25,0

0.0,0.22,0

0.0,0.26,0

0.0,0.22,0

0.0,0.59,0

0.0,0.3,0

0.0,0.22,0

0.0,0.22,0

0.0,0.22,0

0.0,0.25,0

0.0,0.72,0

0.0,0.25,0

0.0,0.4,0

0.0,0.28,0

0.0,0.22,0

0.0,0.27,0

0.0,0.32,0

0.0,0.22,0

0.0,0.25,0

0.0,0.22,0

0.0,0.47,0

0.0,0.32,0

0.0,0.22,0

0.0,0.22,0

0.0,0.33,0

0.0,0.22,0

0.0,0.22,0

0.0,0.22,0

0.0,0.22,0

0.0,0.22,0

0.0,0.25,0

0.0,0.22,0

0.0,0.22,0

0.0,0.22,0

0.0,0.26,0

0.0,0.22,0

0.5,0.5172413,0

0.7272727,0.6206896,0

0.5,0.24137926,0

0.7272727,0.3793103,0

0.5454546,0.46551722,0

0.7272727,0.25862068,0

0.7272727,0.20689654,0

0.409091,0.6551724,0

0.5454546,0.32758617,0

0.5454546,0.3793103,0

0.5909091,0.2931034,0

0.5454546,0.77586204,0

0.9545455,0.31034482,0

1.0,0.53448266,0

0.5454546,0.6034482,0

0.909091,0.4310344,0

0.7272727,0.17241377,0

0.2727273,0.86206883,0

0.77272743,0.7586207,0

0.5909091,0.53448266,0

0.77272743,1.0,0

1.0,0.87931025,0

0.5,0.15517241,0

0.13636366,0.7931034,0

0.9545455,0.7931034,0

0.6818182,0.34482753,0

0.818182,0.2931034,0

0.409091,0.6206896,0

0.5454546,0.6551724,0

0.5909091,0.17241377,0

0.77272743,0.25862068,0

0.6818182,0.34482753,0

0.6818182,0.44827586,0

0.818182,0.10344827,0

0.909091,0.32758617,0

0.8636365,0.34482753,0

0.4545455,0.55172414,0

0.31818184,0.31034482,0

0.5909091,0.6034482,0

0.04545451,0.6034482,0

0.7272727,0.34482753,0

0.9545455,0.39655167,0

0.5909091,0.67241377,0

0.818182,0.18965513,0

0.6363637,0.3793103,0

0.6363637,0.13793105,0

0.36363634,0.20689654,0

0.5909091,0.36206895,0

0.409091,0.7068965,0

0.7272727,0.86206883,0

0.44,0.36,0

0.41,0.47,0

0.47,0.47,0

0.56,0.42,0

0.6,0.65,0

0.5,0.45,0

0.48,0.3,0

0.52,0.45,0

0.47,0.59,0

0.26,0.35,0

0.51,0.64,0

0.53,0.67,0

0.54,0.54,0

0.52,0.4,0

0.45,0.53,0

0.47,0.5,0

0.41,0.6,0

0.51,0.35,0

0.54,0.39,0

0.5,0.29,0

0.47,0.39,0

0.43,0.64,0

0.54,0.43,0

0.45,0.59,0

0.53,0.26,0

0.48,0.58,0

0.48,0.41,0

0.53,0.36,0

0.49,0.42,0

0.48,0.49,0

0.54,0.4,0

0.52,0.54,0

0.56,0.57,0

0.49,0.42,0

0.49,0.39,0

0.51,0.31,0

0.49,0.66,0

0.53,0.38,0

0.52,0.31,0

0.49,0.38,0

0.52,0.24,0

0.48,0.54,0

0.6,0.48,0

0.53,0.32,0

0.55,0.59,0

0.49,0.75,0

0.57,0.44,0

0.51,0.63,0

0.49,0.58,0

0.57,0.72,0

0.5,0.578125,0

0.7272727,0.59375,0

0.5,0.3125,0

0.7272727,0.46875003,0

0.5454546,0.40625,0

0.7272727,0.23437499,0

0.7272727,0.28125,0

0.409091,0.484375,0

0.5454546,0.23437499,0

0.5454546,0.15625001,0

0.5909091,0.25000003,0

0.5454546,0.609375,0

0.9545455,0.45312494,0

1.0,0.328125,0

0.5454546,0.671875,0

0.909091,0.46875003,0

0.7272727,0.578125,0

0.2727273,0.78125,0

0.77272743,0.578125,0

0.5909091,0.45312494,0

0.77272743,0.6875,0

1.0,0.515625,0

0.5,0.18750003,0

0.13636366,0.796875,0

0.9545455,0.515625,0

0.6818182,0.23437499,0

0.818182,0.34375003,0

0.409091,0.54687494,0

0.5454546,0.59375,0

0.5909091,0.390625,0

0.77272743,0.171875,0

0.6818182,0.29687503,0

0.6818182,0.375,0

0.818182,0.34375003,0

0.909091,0.23437499,0

0.8636365,0.28125,0

0.4545455,0.40625,0

0.31818184,0.390625,0

0.5909091,0.45312494,0

0.04545451,0.515625,0

0.7272727,0.328125,0

0.9545455,0.46875003,0

0.5909091,0.59375,0

0.818182,0.3125,0

0.6363637,0.43749997,0

0.6363637,0.34375003,0

0.36363634,0.328125,0

0.5909091,0.578125,0

0.409091,0.71875,0

0.7272727,0.796875,0

0.44,0.58,0

0.41,0.52,0

0.47,0.39,0

0.56,0.35,0

0.6,0.65,0

0.5,0.41,0

0.48,0.32,0

0.52,0.51,0

0.47,0.67,0

0.26,0.52,0

0.51,0.62,0

0.53,0.62,0

0.54,0.55,0

0.52,0.38,0

0.45,0.51,0

0.47,0.64,0

0.41,0.5,0

0.51,0.58,0

0.54,0.58,0

0.5,0.32,0

0.47,0.47,0

0.43,0.6,0

0.54,0.57,0

0.45,0.48,0

0.53,0.36,0

0.48,0.5,0

0.48,0.39,0

0.53,0.68,0

0.49,0.43,0

0.48,0.47,0

0.54,0.42,0

0.52,0.49,0

0.56,0.51,0

0.49,0.42,0

0.49,0.42,0

0.51,0.44,0

0.49,0.45,0

0.53,0.68,0

0.52,0.31,0

0.49,0.37,0

0.52,0.34,0

0.48,0.38,0

0.6,0.64,0

0.53,0.57,0

0.55,0.5,0

0.49,0.7,0

0.57,0.42,0

0.51,0.56,0

0.49,0.58,0

0.57,0.61,0

0.5,0.5777777,0

0.7272727,0.62222224,0

0.5,0.5999999,0

0.7272727,0.5999999,0

0.5454546,1.0,0

0.7272727,0.73333335,0

0.7272727,0.79999995,0

0.409091,0.53333324,0

0.5454546,0.6444444,0

0.5454546,0.75555557,0

0.5909091,0.6444444,0

0.5454546,0.4666666,0

0.9545455,0.68888885,0

1.0,0.711111,0

0.5454546,0.79999995,0

0.909091,0.48888886,0

0.7272727,0.8888889,0

0.2727273,0.4666666,0

0.77272743,0.53333324,0

0.5909091,0.48888886,0

0.77272743,0.39999995,0

1.0,0.44444442,0

0.5,0.77777773,0

0.13636366,0.8222222,0

0.9545455,0.6666666,0

0.6818182,0.6666666,0

0.818182,0.75555557,0

0.409091,0.77777773,0

0.5454546,0.62222224,0

0.5909091,0.711111,0

0.77272743,0.68888885,0

0.6818182,0.6666666,0

0.6818182,0.5111111,0

0.818182,0.79999995,0

0.909091,0.84444433,0

0.8636365,0.68888885,0

0.4545455,0.5111111,0

0.31818184,0.8222222,0

0.5909091,0.73333335,0

0.04545451,0.84444433,0

0.7272727,0.75555557,0

0.9545455,0.8666667,0

0.5909091,0.4222222,0

0.818182,0.3111111,0

0.6363637,0.84444433,0

0.6363637,0.91111106,0

0.36363634,0.77777773,0

0.5909091,0.62222224,0

0.409091,0.68888885,0

0.7272727,0.4222222,0

0.44,0.35,0

0.41,0.5,0

0.47,0.55,0

0.56,0.54,0

0.6,0.52,0

0.5,0.5,0

0.48,0.57,0

0.52,0.5,0

0.47,0.56,0

0.26,0.48,0

0.51,0.29,0

0.53,0.54,0

0.54,0.34,0

0.52,0.53,0

0.45,0.55,0

0.47,0.57,0

0.41,0.57,0

0.51,0.54,0

0.54,0.5,0

0.5,0.58,0

0.47,0.56,0

0.43,0.57,0

0.54,0.53,0

0.45,0.5,0

0.53,0.47,0

0.48,0.5,0

0.48,0.44,0

0.53,0.46,0

0.49,0.56,0

0.48,0.53,0

0.54,0.71,0

0.52,0.49,0

0.56,0.53,0

0.49,0.42,0

0.49,0.38,0

0.51,0.53,0

0.49,0.5,0

0.53,0.44,0

0.52,0.56,0

0.49,0.56,0

0.52,0.69,0

0.48,0.52,0

0.6,0.61,0

0.53,0.5,0

0.55,0.52,0

0.49,0.38,0

0.57,0.6,0

0.51,0.45,0

0.49,0.58,0

0.57,0.37,0

0.5,0.06329113,0

0.7272727,0.0886076,0

0.5,0.5822785,0

0.7272727,0.72151893,0

0.5454546,0.3544304,0

0.7272727,0.16455695,0

0.7272727,0.3417721,0

0.409091,0.1392405,0

0.5454546,0.037974685,0

0.5454546,0.16455695,0

0.5909091,0.10126582,0

0.5454546,0.27848104,0

0.9545455,0.0886076,0

1.0,0.1392405,0

0.5454546,0.20253164,0

0.909091,0.02531646,0

0.7272727,0.05063291,0

0.2727273,0.22784808,0

0.77272743,0.27848104,0

0.5909091,0.4556962,0

0.77272743,0.20253164,0

1.0,0.25316456,0

0.5,0.12658228,0

0.13636366,0.49367085,0

0.9545455,0.25316456,0

0.6818182,0.16455695,0

0.818182,0.443038,0

0.409091,0.18987343,0

0.5454546,0.02531646,0

0.5909091,0.1392405,0

0.77272743,0.556962,0

0.6818182,0.30379745,0

0.6818182,0.0,0

0.818182,0.012658235,0

0.909091,0.0886076,0

0.8636365,0.20253164,0

0.4545455,0.6708861,0

0.31818184,0.18987343,0

0.5909091,0.40506327,0

0.04545451,0.40506327,0

0.7272727,0.5316456,0

0.9545455,0.62025315,0

0.5909091,0.443038,0

0.818182,0.10126582,0

0.6363637,0.27848104,0

0.6363637,0.48101264,0

0.36363634,0.15189874,0

0.5909091,0.21518987,0

0.409091,0.3544304,0

0.7272727,0.25316456,0

0.44,0.24,0

0.41,0.4,0

0.47,0.24,0

0.56,0.18,0

0.6,0.16,0

0.5,0.46,0

0.48,0.19,0

0.52,0.16,0

0.47,0.41,0

0.26,0.22,0

0.51,0.28,0

0.53,0.43,0

0.54,0.31,0

0.52,0.16,0

0.45,0.05,0

0.47,0.15,0

0.41,0.25,0

0.51,0.16,0

0.54,0.26,0

0.5,0.15,0

0.47,0.16,0

0.43,0.19,0

0.54,0.16,0

0.45,0.14,0

0.53,0.34,0

0.48,0.12,0

0.48,0.34,0

0.53,0.16,0

0.49,0.1,0

0.48,0.16,0

0.54,0.21,0

0.52,0.2,0

0.56,0.18,0

0.49,0.2,0

0.49,0.4,0

0.51,0.23,0

0.49,0.23,0

0.53,0.45,0

0.52,0.33,0

0.49,0.21,0

0.52,0.18,0

0.48,0.18,0

0.6,0.23,0

0.53,0.15,0

0.55,0.28,0

0.49,0.27,0

0.57,0.21,0

0.51,0.58,0

0.49,0.49,0

0.57,0.3,0

0.5,0.5,0

0.7272727,0.5,0

0.5,0.5,0

0.7272727,0.5,0

0.5454546,0.5,0

0.7272727,0.5,0

0.7272727,0.5,0

0.409091,0.5,0

0.5454546,0.5,0

0.5454546,0.5,0

0.5909091,0.5,0

0.5454546,0.5,0

0.9545455,0.5,0

1.0,0.5,0

0.5454546,0.5,0

0.909091,0.5,0

0.7272727,0.5,0

0.2727273,0.5,0

0.77272743,0.5,0

0.5909091,0.5,0

0.77272743,0.5,0

1.0,0.5,0

0.5,0.5,0

0.13636366,0.5,0

0.9545455,0.5,0

0.6818182,0.5,0

0.818182,0.5,0

0.409091,0.5,0

0.5454546,0.5,0

0.5909091,0.5,0

0.77272743,0.5,0

0.6818182,0.5,0

0.6818182,0.5,0

0.818182,0.5,0

0.909091,0.5,0

0.8636365,0.5,0

0.4545455,0.5,0

0.31818184,0.5,0

0.5909091,0.5,0

0.04545451,0.5,0

0.7272727,0.5,0

0.9545455,0.5,0

0.5909091,0.5,0

0.818182,0.5,0

0.6363637,0.5,0

0.6363637,0.5,0

0.36363634,0.5,0

0.5909091,0.5,0

0.409091,0.5,0

0.7272727,0.5,0

0.44,0.5,0

0.41,0.5,0

0.47,0.5,0

0.56,0.5,0

0.6,0.5,0

0.5,0.5,0

0.48,0.5,0

0.52,0.5,0

0.47,0.5,0

0.26,0.5,0

0.51,0.5,0

0.53,0.5,0

0.54,0.5,0

0.52,0.5,0

0.45,0.5,0

0.47,0.5,0

0.41,0.5,0

0.51,0.5,0

0.54,0.5,0

0.5,0.5,0

0.47,0.5,0

0.43,0.5,0

0.54,0.5,0

0.45,0.5,0

0.53,0.5,0

0.48,0.5,0

0.48,0.5,0

0.53,0.5,0

0.49,0.5,0

0.48,0.5,0

0.54,0.5,0

0.52,0.5,0

0.56,0.5,0

0.49,0.5,0

0.49,0.5,0

0.51,0.5,0

0.49,0.5,0

0.53,0.5,0

0.52,0.5,0

0.49,0.5,0

0.52,0.5,0

0.48,0.5,0

0.6,0.5,0

0.53,0.5,0

0.55,0.5,0

0.49,0.5,0

0.57,0.5,0

0.51,0.5,0

0.49,0.5,0

0.57,0.5,0

0.5,0.0,0

0.7272727,0.0,0

0.5,0.0,0

0.7272727,0.0,0

0.5454546,0.0,0

0.7272727,0.0,0

0.7272727,0.0,0

0.409091,0.0,0

0.5454546,0.0,0

0.5454546,0.0,0

0.5909091,0.0,0

0.5454546,0.0,0

0.9545455,0.0,0

1.0,0.0,0

0.5454546,0.0,0

0.909091,0.0,0

0.7272727,0.0,0

0.2727273,0.0,0

0.77272743,0.0,0

0.5909091,0.0,0

0.77272743,0.0,0

1.0,0.0,0

0.5,0.0,0

0.13636366,0.0,0

0.9545455,0.0,0

0.6818182,0.0,0

0.818182,0.0,0

0.409091,0.0,0

0.5454546,0.0,0

0.5909091,0.0,0

0.77272743,0.0,0

0.6818182,0.0,0

0.6818182,0.0,0

0.818182,0.0,0

0.909091,0.0,0

0.8636365,0.0,0

0.4545455,0.0,0

0.31818184,0.0,0

0.5909091,0.0,0

0.04545451,0.0,0

0.7272727,0.0,0

0.9545455,0.0,0

0.5909091,1.0,0

0.818182,0.0,0

0.6363637,0.0,0

0.6363637,0.0,0

0.36363634,0.0,0

0.5909091,0.0,0

0.409091,0.0,0

0.7272727,0.0,0

0.44,0.0,0

0.41,0.0,0

0.47,0.0,0

0.56,0.0,0

0.6,0.0,0

0.5,0.5,0

0.48,0.0,0

0.52,0.0,0

0.47,0.0,0

0.26,0.0,0

0.51,0.0,0

0.53,0.0,0

0.54,0.0,0

0.52,0.0,0

0.45,0.0,0

0.47,0.0,0

0.41,0.0,0

0.51,0.0,0

0.54,0.0,0

0.5,0.0,0

0.47,0.0,0

0.43,0.0,0

0.54,0.0,0

0.45,0.0,0

0.53,0.0,0

0.48,0.0,0

0.48,0.0,0

0.53,0.0,0

0.49,0.0,0

0.48,0.0,0

0.54,0.0,0

0.52,0.0,0

0.56,0.0,0

0.49,0.0,0

0.49,0.0,0

0.51,0.0,0

0.49,0.0,0

0.53,0.0,0

0.52,0.0,0

0.49,0.0,0

0.52,0.0,0

0.48,0.0,0

0.6,0.0,0

0.53,0.0,0

0.55,0.0,0

0.49,0.0,0

0.57,0.0,0

0.51,0.0,0

0.49,0.0,0

0.57,0.0,0

0.5,0.0,0

0.7272727,0.0,0

0.5,0.0,0

0.7272727,0.0,0

0.5454546,0.0,0

0.7272727,0.11363638,0

0.7272727,0.06818182,0

0.409091,0.0,0

0.5454546,0.4090909,0

0.5454546,0.0,0

0.5909091,0.0,0

0.5454546,0.0,0

0.9545455,0.0,0

1.0,0.11363638,0

0.5454546,0.0,0

0.909091,0.2272727,0

0.7272727,0.56818175,0

0.2727273,0.0,0

0.77272743,0.06818182,0

0.5909091,0.0,0

0.77272743,0.0,0

1.0,0.0,0

0.5,0.090909064,0

0.13636366,0.2954545,0

0.9545455,0.0,0

0.6818182,0.13636364,0

0.818182,0.36363634,0

0.409091,0.0,0

0.5454546,0.0,0

0.5909091,0.0,0

0.77272743,0.0,0

0.6818182,0.47727272,0

0.6818182,0.11363638,0

0.818182,0.0,0

0.909091,0.0,0

0.8636365,0.0,0

0.4545455,0.0,0

0.31818184,0.0,0

0.5909091,0.0,0

0.04545451,0.0,0

0.7272727,0.0,0

0.9545455,0.0,0

0.5909091,0.0,0

0.818182,0.0,0

0.6363637,0.2954545,0

0.6363637,0.25000003,0

0.36363634,0.0,0

0.5909091,0.13636364,0

0.409091,0.0,0

0.7272727,0.0,0

0.44,0.22,0

0.41,0.22,0

0.47,0.22,0

0.56,0.22,0

0.6,0.22,0

0.5,0.27,0

0.48,0.55,0

0.52,1.0,0

0.47,0.22,0

0.26,0.22,0

0.51,0.22,0

0.53,0.22,0

0.54,0.22,0

0.52,0.27,0

0.45,0.25,0

0.47,0.22,0

0.41,0.26,0

0.51,0.22,0

0.54,0.59,0

0.5,0.3,0

0.47,0.22,0

0.43,0.22,0

0.54,0.22,0

0.45,0.25,0

0.53,0.72,0

0.48,0.25,0

0.48,0.4,0

0.53,0.28,0

0.49,0.22,0

0.48,0.27,0

0.54,0.32,0

0.52,0.22,0

0.56,0.25,0

0.49,0.22,0

0.49,0.47,0

0.51,0.32,0

0.49,0.22,0

0.53,0.22,0

0.52,0.33,0

0.49,0.22,0

0.52,0.22,0

0.48,0.22,0

0.6,0.22,0

0.53,0.22,0

0.55,0.25,0

0.49,0.22,0

0.57,0.22,0

0.51,0.22,0

0.49,0.26,0

0.57,0.22,0

0.0,0.5172413,0

0.0,0.6206896,0

0.0,0.24137926,0

0.0,0.3793103,0

0.0,0.46551722,0

0.11363638,0.25862068,0

0.06818182,0.20689654,0

0.0,0.6551724,0

0.4090909,0.32758617,0

0.0,0.3793103,0

0.0,0.2931034,0

0.0,0.77586204,0

0.0,0.31034482,0

0.11363638,0.53448266,0

0.0,0.6034482,0

0.2272727,0.4310344,0

0.56818175,0.17241377,0

0.0,0.86206883,0

0.06818182,0.7586207,0

0.0,0.53448266,0

0.0,1.0,0

0.0,0.87931025,0

0.090909064,0.15517241,0

0.2954545,0.7931034,0

0.0,0.7931034,0

0.13636364,0.34482753,0

0.36363634,0.2931034,0

0.0,0.6206896,0

0.0,0.6551724,0

0.0,0.17241377,0

0.0,0.25862068,0

0.47727272,0.34482753,0

0.11363638,0.44827586,0

0.0,0.10344827,0

0.0,0.32758617,0

0.0,0.34482753,0

0.0,0.55172414,0

0.0,0.31034482,0

0.0,0.6034482,0

0.0,0.6034482,0

0.0,0.34482753,0

0.0,0.39655167,0

0.0,0.67241377,0

0.0,0.18965513,0

0.2954545,0.3793103,0

0.25000003,0.13793105,0

0.0,0.20689654,0

0.13636364,0.36206895,0

0.0,0.7068965,0

0.0,0.86206883,0

0.22,0.36,0

0.22,0.47,0

0.22,0.47,0

0.22,0.42,0

0.22,0.65,0

0.27,0.45,0

0.55,0.3,0

1.0,0.45,0

0.22,0.59,0

0.22,0.35,0

0.22,0.64,0

0.22,0.67,0

0.22,0.54,0

0.27,0.4,0

0.25,0.53,0

0.22,0.5,0

0.26,0.6,0

0.22,0.35,0

0.59,0.39,0

0.3,0.29,0

0.22,0.39,0

0.22,0.64,0

0.22,0.43,0

0.25,0.59,0

0.72,0.26,0

0.25,0.58,0

0.4,0.41,0

0.28,0.36,0

0.22,0.42,0

0.27,0.49,0

0.32,0.4,0

0.22,0.54,0

0.25,0.57,0

0.22,0.42,0

0.47,0.39,0

0.32,0.31,0

0.22,0.66,0

0.22,0.38,0

0.33,0.31,0

0.22,0.38,0

0.22,0.24,0

0.22,0.54,0

0.22,0.48,0

0.22,0.32,0

0.25,0.59,0

0.22,0.75,0

0.22,0.44,0

0.22,0.63,0

0.26,0.58,0

0.22,0.72,0

0.0,0.578125,0

0.0,0.59375,0

0.0,0.3125,0

0.0,0.46875003,0

0.0,0.40625,0

0.11363638,0.23437499,0

0.06818182,0.28125,0

0.0,0.484375,0

0.4090909,0.23437499,0

0.0,0.15625001,0

0.0,0.25000003,0

0.0,0.609375,0

0.0,0.45312494,0

0.11363638,0.328125,0

0.0,0.671875,0

0.2272727,0.46875003,0

0.56818175,0.578125,0

0.0,0.78125,0

0.06818182,0.578125,0

0.0,0.45312494,0

0.0,0.6875,0

0.0,0.515625,0

0.090909064,0.18750003,0

0.2954545,0.796875,0

0.0,0.515625,0

0.13636364,0.23437499,0

0.36363634,0.34375003,0

0.0,0.54687494,0

0.0,0.59375,0

0.0,0.390625,0

0.0,0.171875,0

0.47727272,0.29687503,0

0.11363638,0.375,0

0.0,0.34375003,0

0.0,0.23437499,0

0.0,0.28125,0

0.0,0.40625,0

0.0,0.390625,0

0.0,0.45312494,0

0.0,0.515625,0

0.0,0.328125,0

0.0,0.46875003,0

0.0,0.59375,0

0.0,0.3125,0

0.2954545,0.43749997,0

0.25000003,0.34375003,0

0.0,0.328125,0

0.13636364,0.578125,0

0.0,0.71875,0

0.0,0.796875,0

0.22,0.58,0

0.22,0.52,0

0.22,0.39,0

0.22,0.35,0

0.22,0.65,0

0.27,0.41,0

0.55,0.32,0

1.0,0.51,0

0.22,0.67,0

0.22,0.52,0

0.22,0.62,0

0.22,0.62,0

0.22,0.55,0

0.27,0.38,0

0.25,0.51,0

0.22,0.64,0

0.26,0.5,0

0.22,0.58,0

0.59,0.58,0

0.3,0.32,0

0.22,0.47,0

0.22,0.6,0

0.22,0.57,0

0.25,0.48,0

0.72,0.36,0

0.25,0.5,0

0.4,0.39,0

0.28,0.68,0

0.22,0.43,0

0.27,0.47,0

0.32,0.42,0

0.22,0.49,0

0.25,0.51,0

0.22,0.42,0

0.47,0.42,0

0.32,0.44,0

0.22,0.45,0

0.22,0.68,0

0.33,0.31,0

0.22,0.37,0

0.22,0.34,0

0.22,0.38,0

0.22,0.64,0

0.22,0.57,0

0.25,0.5,0

0.22,0.7,0

0.22,0.42,0

0.22,0.56,0

0.26,0.58,0

0.22,0.61,0

0.0,0.5777777,0

0.0,0.62222224,0

0.0,0.5999999,0

0.0,0.5999999,0

0.0,1.0,0

0.11363638,0.73333335,0

0.06818182,0.79999995,0

0.0,0.53333324,0

0.4090909,0.6444444,0

0.0,0.75555557,0

0.0,0.6444444,0

0.0,0.4666666,0

0.0,0.68888885,0

0.11363638,0.711111,0

0.0,0.79999995,0

0.2272727,0.48888886,0

0.56818175,0.8888889,0

0.0,0.4666666,0

0.06818182,0.53333324,0

0.0,0.48888886,0

0.0,0.39999995,0

0.0,0.44444442,0

0.090909064,0.77777773,0

0.2954545,0.8222222,0

0.0,0.6666666,0

0.13636364,0.6666666,0

0.36363634,0.75555557,0

0.0,0.77777773,0

0.0,0.62222224,0

0.0,0.711111,0

0.0,0.68888885,0

0.47727272,0.6666666,0

0.11363638,0.5111111,0

0.0,0.79999995,0

0.0,0.84444433,0

0.0,0.68888885,0

0.0,0.5111111,0

0.0,0.8222222,0

0.0,0.73333335,0

0.0,0.84444433,0

0.0,0.75555557,0

0.0,0.8666667,0

0.0,0.4222222,0

0.0,0.3111111,0

0.2954545,0.84444433,0

0.25000003,0.91111106,0

0.0,0.77777773,0

0.13636364,0.62222224,0

0.0,0.68888885,0

0.0,0.4222222,0

0.22,0.35,0

0.22,0.5,0

0.22,0.55,0

0.22,0.54,0

0.22,0.52,0

0.27,0.5,0

0.55,0.57,0

1.0,0.5,0

0.22,0.56,0

0.22,0.48,0

0.22,0.29,0

0.22,0.54,0

0.22,0.34,0

0.27,0.53,0

0.25,0.55,0

0.22,0.57,0

0.26,0.57,0

0.22,0.54,0

0.59,0.5,0

0.3,0.58,0

0.22,0.56,0

0.22,0.57,0

0.22,0.53,0

0.25,0.5,0

0.72,0.47,0

0.25,0.5,0

0.4,0.44,0

0.28,0.46,0

0.22,0.56,0

0.27,0.53,0

0.32,0.71,0

0.22,0.49,0

0.25,0.53,0

0.22,0.42,0

0.47,0.38,0

0.32,0.53,0

0.22,0.5,0

0.22,0.44,0

0.33,0.56,0

0.22,0.56,0

0.22,0.69,0

0.22,0.52,0

0.22,0.61,0

0.22,0.5,0

0.25,0.52,0

0.22,0.38,0

0.22,0.6,0

0.22,0.45,0

0.26,0.58,0

0.22,0.37,0

0.0,0.06329113,0

0.0,0.0886076,0

0.0,0.5822785,0

0.0,0.72151893,0

0.0,0.3544304,0

0.11363638,0.16455695,0

0.06818182,0.3417721,0

0.0,0.1392405,0

0.4090909,0.037974685,0

0.0,0.16455695,0

0.0,0.10126582,0

0.0,0.27848104,0

0.0,0.0886076,0

0.11363638,0.1392405,0

0.0,0.20253164,0

0.2272727,0.02531646,0

0.56818175,0.05063291,0

0.0,0.22784808,0

0.06818182,0.27848104,0

0.0,0.4556962,0

0.0,0.20253164,0

0.0,0.25316456,0

0.090909064,0.12658228,0

0.2954545,0.49367085,0

0.0,0.25316456,0

0.13636364,0.16455695,0

0.36363634,0.443038,0

0.0,0.18987343,0

0.0,0.02531646,0

0.0,0.1392405,0

0.0,0.556962,0

0.47727272,0.30379745,0

0.11363638,0.0,0

0.0,0.012658235,0

0.0,0.0886076,0

0.0,0.20253164,0

0.0,0.6708861,0

0.0,0.18987343,0

0.0,0.40506327,0

0.0,0.40506327,0

0.0,0.5316456,0

0.0,0.62025315,0

0.0,0.443038,0

0.0,0.10126582,0

0.2954545,0.27848104,0

0.25000003,0.48101264,0

0.0,0.15189874,0

0.13636364,0.21518987,0

0.0,0.3544304,0

0.0,0.25316456,0

0.22,0.24,0

0.22,0.4,0

0.22,0.24,0

0.22,0.18,0

0.22,0.16,0

0.27,0.46,0

0.55,0.19,0

1.0,0.16,0

0.22,0.41,0

0.22,0.22,0

0.22,0.28,0

0.22,0.43,0

0.22,0.31,0

0.27,0.16,0

0.25,0.05,0

0.22,0.15,0

0.26,0.25,0

0.22,0.16,0

0.59,0.26,0

0.3,0.15,0

0.22,0.16,0

0.22,0.19,0

0.22,0.16,0

0.25,0.14,0

0.72,0.34,0

0.25,0.12,0

0.4,0.34,0

0.28,0.16,0

0.22,0.1,0

0.27,0.16,0

0.32,0.21,0

0.22,0.2,0

0.25,0.18,0

0.22,0.2,0

0.47,0.4,0

0.32,0.23,0

0.22,0.23,0

0.22,0.45,0

0.33,0.33,0

0.22,0.21,0

0.22,0.18,0

0.22,0.18,0

0.22,0.23,0

0.22,0.15,0

0.25,0.28,0

0.22,0.27,0

0.22,0.21,0

0.22,0.58,0

0.26,0.49,0

0.22,0.3,0

0.0,0.5,0

0.0,0.5,0

0.0,0.5,0

0.0,0.5,0

0.0,0.5,0

0.11363638,0.5,0

0.06818182,0.5,0

0.0,0.5,0

0.4090909,0.5,0

0.0,0.5,0

0.0,0.5,0

0.0,0.5,0

0.0,0.5,0

0.11363638,0.5,0

0.0,0.5,0

0.2272727,0.5,0

0.56818175,0.5,0

0.0,0.5,0

0.06818182,0.5,0

0.0,0.5,0

0.0,0.5,0

0.0,0.5,0

0.090909064,0.5,0

0.2954545,0.5,0

0.0,0.5,0

0.13636364,0.5,0

0.36363634,0.5,0

0.0,0.5,0

0.0,0.5,0

0.0,0.5,0

0.0,0.5,0

0.47727272,0.5,0

0.11363638,0.5,0

0.0,0.5,0

0.0,0.5,0

0.0,0.5,0

0.0,0.5,0

0.0,0.5,0

0.0,0.5,0

0.0,0.5,0

0.0,0.5,0

0.0,0.5,0

0.0,0.5,0

0.0,0.5,0

0.2954545,0.5,0

0.25000003,0.5,0

0.0,0.5,0

0.13636364,0.5,0

0.0,0.5,0

0.0,0.5,0

0.22,0.5,0

0.22,0.5,0

0.22,0.5,0

0.22,0.5,0

0.22,0.5,0

0.27,0.5,0

0.55,0.5,0

1.0,0.5,0

0.22,0.5,0

0.22,0.5,0

0.22,0.5,0

0.22,0.5,0

0.22,0.5,0

0.27,0.5,0

0.25,0.5,0

0.22,0.5,0

0.26,0.5,0

0.22,0.5,0

0.59,0.5,0

0.3,0.5,0

0.22,0.5,0

0.22,0.5,0

0.22,0.5,0

0.25,0.5,0

0.72,0.5,0

0.25,0.5,0

0.4,0.5,0

0.28,0.5,0

0.22,0.5,0

0.27,0.5,0

0.32,0.5,0

0.22,0.5,0

0.25,0.5,0

0.22,0.5,0

0.47,0.5,0

0.32,0.5,0

0.22,0.5,0

0.22,0.5,0

0.33,0.5,0

0.22,0.5,0

0.22,0.5,0

0.22,0.5,0

0.22,0.5,0

0.22,0.5,0

0.25,0.5,0

0.22,0.5,0

0.22,0.5,0

0.22,0.5,0

0.26,0.5,0

0.22,0.5,0

0.0,0.0,0

0.0,0.0,0

0.0,0.0,0

0.0,0.0,0

0.0,0.0,0

0.11363638,0.0,0

0.06818182,0.0,0

0.0,0.0,0

0.4090909,0.0,0

0.0,0.0,0

0.0,0.0,0

0.0,0.0,0

0.0,0.0,0

0.11363638,0.0,0

0.0,0.0,0

0.2272727,0.0,0

0.56818175,0.0,0

0.0,0.0,0

0.06818182,0.0,0

0.0,0.0,0

0.0,0.0,0

0.0,0.0,0

0.090909064,0.0,0

0.2954545,0.0,0

0.0,0.0,0

0.13636364,0.0,0

0.36363634,0.0,0

0.0,0.0,0

0.0,0.0,0

0.0,0.0,0

0.0,0.0,0

0.47727272,0.0,0

0.11363638,0.0,0

0.0,0.0,0

0.0,0.0,0

0.0,0.0,0

0.0,0.0,0

0.0,0.0,0

0.0,0.0,0

0.0,0.0,0

0.0,0.0,0

0.0,0.0,0

0.0,1.0,0

0.0,0.0,0

0.2954545,0.0,0

0.25000003,0.0,0

0.0,0.0,0

0.13636364,0.0,0

0.0,0.0,0

0.0,0.0,0

0.22,0.0,0

0.22,0.0,0

0.22,0.0,0

0.22,0.0,0

0.22,0.0,0

0.27,0.5,0

0.55,0.0,0

1.0,0.0,0

0.22,0.0,0

0.22,0.0,0

0.22,0.0,0

0.22,0.0,0

0.22,0.0,0

0.27,0.0,0

0.25,0.0,0

0.22,0.0,0

0.26,0.0,0

0.22,0.0,0

0.59,0.0,0

0.3,0.0,0

0.22,0.0,0

0.22,0.0,0

0.22,0.0,0

0.25,0.0,0

0.72,0.0,0

0.25,0.0,0

0.4,0.0,0

0.28,0.0,0

0.22,0.0,0

0.27,0.0,0

0.32,0.0,0

0.22,0.0,0

0.25,0.0,0

0.22,0.0,0

0.47,0.0,0

0.32,0.0,0

0.22,0.0,0

0.22,0.0,0

0.33,0.0,0

0.22,0.0,0

0.22,0.0,0

0.22,0.0,0

0.22,0.0,0

0.22,0.0,0

0.25,0.0,0

0.22,0.0,0

0.22,0.0,0

0.22,0.0,0

0.26,0.0,0

0.22,0.0,0

0.0,0.5,0

0.0,0.7272727,0

0.0,0.5,0

0.0,0.7272727,0

0.0,0.5454546,0

0.11363638,0.7272727,0

0.06818182,0.7272727,0

0.0,0.409091,0

0.4090909,0.5454546,0

0.0,0.5454546,0

0.0,0.5909091,0

0.0,0.5454546,0

0.0,0.9545455,0

0.11363638,1.0,0

0.0,0.5454546,0

0.2272727,0.909091,0

0.56818175,0.7272727,0

0.0,0.2727273,0

0.06818182,0.77272743,0

0.0,0.5909091,0

0.0,0.77272743,0

0.0,1.0,0

0.090909064,0.5,0

0.2954545,0.13636366,0

0.0,0.9545455,0

0.13636364,0.6818182,0

0.36363634,0.818182,0

0.0,0.409091,0

0.0,0.5454546,0

0.0,0.5909091,0

0.0,0.77272743,0

0.47727272,0.6818182,0

0.11363638,0.6818182,0

0.0,0.818182,0

0.0,0.909091,0

0.0,0.8636365,0

0.0,0.4545455,0

0.0,0.31818184,0

0.0,0.5909091,0

0.0,0.04545451,0

0.0,0.7272727,0

0.0,0.9545455,0

0.0,0.5909091,0

0.0,0.818182,0

0.2954545,0.6363637,0

0.25000003,0.6363637,0

0.0,0.36363634,0

0.13636364,0.5909091,0

0.0,0.409091,0

0.0,0.7272727,0

0.22,0.44,0

0.22,0.41,0

0.22,0.47,0

0.22,0.56,0

0.22,0.6,0

0.27,0.5,0

0.55,0.48,0

1.0,0.52,0

0.22,0.47,0

0.22,0.26,0

0.22,0.51,0

0.22,0.53,0

0.22,0.54,0

0.27,0.52,0

0.25,0.45,0

0.22,0.47,0

0.26,0.41,0

0.22,0.51,0

0.59,0.54,0

0.3,0.5,0

0.22,0.47,0

0.22,0.43,0

0.22,0.54,0

0.25,0.45,0

0.72,0.53,0

0.25,0.48,0

0.4,0.48,0

0.28,0.53,0

0.22,0.49,0

0.27,0.48,0

0.32,0.54,0

0.22,0.52,0

0.25,0.56,0

0.22,0.49,0

0.47,0.49,0

0.32,0.51,0

0.22,0.49,0

0.22,0.53,0

0.33,0.52,0

0.22,0.49,0

0.22,0.52,0

0.22,0.48,0

0.22,0.6,0

0.22,0.53,0

0.25,0.55,0

0.22,0.49,0

0.22,0.57,0

0.22,0.51,0

0.26,0.49,0

0.22,0.57,0
